age,workclass,fnlwgt,education,education-num,marital-status,occupation,relationship,race,sex,capital-gain,capital-loss,hours-per-week,native-country,income
18,3,263024,11,9,4,11,3,4,0,0,0,40,38,0
41,3,121201,11,9,2,13,0,4,1,0,0,40,38,0
47,3,264052,15,10,2,9,0,4,1,0,0,50,38,1
18,5,132986,11,9,4,4,3,4,1,0,0,40,38,0
31,3,78602,7,12,0,7,4,0,0,0,0,40,38,0
30,3,37210,8,11,2,2,0,4,1,0,0,40,38,0
41,3,179533,11,9,2,13,0,4,1,0,0,35,38,0
27,5,65308,11,9,2,4,0,4,1,0,0,50,38,0
61,3,197286,9,13,2,6,0,4,1,0,0,40,38,1
25,3,185942,12,14,4,9,3,4,0,0,0,40,38,1
22,3,124454,15,10,4,11,1,4,1,0,0,30,38,0
37,3,155064,8,11,0,9,4,4,0,0,0,40,38,0
24,3,194829,11,9,2,2,0,4,1,0,0,45,38,1
45,3,166056,11,9,0,7,4,4,0,0,0,40,38,0
54,3,320012,15,10,2,0,5,4,0,0,0,40,38,0
30,5,404062,11,9,2,9,0,4,1,0,1977,15,38,1
23,3,42706,15,10,4,9,1,4,1,0,0,45,38,0
32,3,242654,15,10,0,11,4,2,0,0,1138,40,15,0
46,5,182541,11,9,2,4,0,4,1,0,1672,50,38,0
30,3,45781,11,9,4,0,4,4,0,0,0,40,38,0
25,3,356017,1,7,4,7,1,4,1,0,0,99,38,0
53,6,156877,11,9,2,0,0,4,1,15024,0,35,38,1
60,4,142494,0,6,2,2,0,4,1,0,0,40,38,0
23,3,103064,9,13,4,9,1,4,0,0,0,40,38,0
36,3,115834,8,11,2,3,5,4,0,7298,0,55,38,1
48,5,100931,15,10,4,0,1,4,1,0,0,40,38,0
81,3,147097,9,13,6,9,1,4,1,0,0,5,38,0
36,3,255454,11,9,4,2,3,2,1,0,0,30,38,0
47,1,149700,12,14,2,9,0,4,1,15024,0,35,38,1
32,3,191777,12,14,4,0,1,2,0,0,0,40,38,0
52,3,259363,11,9,2,2,0,4,1,0,0,50,38,1
24,3,192812,12,14,4,9,3,4,0,0,0,40,38,0
28,3,179949,11,9,0,13,4,2,0,0,0,20,38,0
69,3,512992,1,7,2,9,0,2,1,0,0,45,38,0
30,3,61272,6,5,2,6,5,4,0,0,0,40,31,0
50,3,121411,2,8,0,13,1,4,1,0,0,40,38,0
22,3,165065,15,10,4,9,3,4,0,0,0,40,21,0
21,1,38771,15,10,4,0,3,4,1,0,0,40,38,0
46,3,503923,11,9,2,6,0,2,1,4386,0,40,38,1
36,3,605502,0,6,4,13,1,2,0,0,0,40,38,0
33,3,251117,4,3,2,6,0,4,1,0,0,40,25,0
32,0,164707,11,9,2,0,5,4,0,0,0,40,38,1
42,1,267252,12,14,5,3,4,2,1,0,0,45,38,1
33,6,292317,6,5,2,4,0,4,1,0,0,40,38,0
34,4,200689,9,13,0,11,4,4,0,0,0,40,38,0
53,1,321770,11,9,3,13,2,4,0,0,0,35,38,0
67,1,197816,11,9,2,9,0,4,1,0,0,24,38,0
57,0,414994,15,10,2,3,0,4,1,0,0,40,38,1
38,3,131461,6,5,2,7,5,2,0,0,0,24,13,0
49,1,192349,12,14,4,9,1,4,0,4650,0,40,38,0
40,3,98211,11,9,2,2,0,4,1,0,0,40,38,1
43,3,200355,11,9,2,13,0,4,1,0,0,70,38,1
41,0,27444,15,10,2,3,0,4,1,0,0,40,38,1
50,3,182907,11,9,4,5,3,4,1,0,0,25,38,0
30,4,185384,15,10,2,3,5,4,0,0,0,25,38,0
48,3,250733,15,10,2,2,0,4,1,0,0,50,38,0
23,3,180475,15,10,4,3,1,4,1,0,0,40,38,0
32,3,238944,11,9,2,6,0,4,1,0,0,40,38,0
24,3,43535,15,10,2,9,5,4,0,0,0,30,38,0
23,3,244413,2,8,2,2,0,2,1,0,0,30,6,0
32,3,107793,11,9,0,7,3,4,1,2174,0,40,38,0
25,3,242464,9,13,4,0,1,4,1,0,0,40,38,0
20,3,245297,15,10,4,7,1,4,0,0,0,35,38,0
23,3,196827,15,10,2,6,0,4,1,0,1902,40,38,0
31,3,243678,9,13,4,3,1,4,0,0,0,40,38,0
29,3,55390,7,12,4,12,1,4,1,0,0,45,38,0
26,3,154966,15,10,2,11,0,4,1,0,0,50,38,1
66,3,169435,11,9,6,2,1,4,1,0,0,16,38,0
20,3,163870,11,9,4,4,3,4,1,0,0,40,38,0
35,5,157473,11,9,2,2,0,4,1,0,0,40,38,0
38,1,84570,15,10,4,0,3,0,0,0,0,40,38,0
29,3,241895,11,9,2,13,2,4,1,0,0,40,38,0
38,3,197113,15,10,0,0,4,2,0,0,0,20,38,0
31,4,83748,15,10,2,3,5,1,0,0,0,70,34,0
44,3,197033,11,9,2,0,0,4,1,0,0,40,38,0
32,3,309903,0,6,4,7,4,4,0,0,0,25,38,0
39,6,152023,1,7,2,2,0,4,1,0,0,40,38,0
47,0,114222,7,12,2,0,0,4,1,0,0,55,38,1
23,3,122244,15,10,4,12,3,4,0,0,0,40,38,0
41,3,99870,9,13,2,11,0,4,1,0,0,55,38,0
45,3,214627,10,16,6,9,4,4,1,15020,0,40,19,1
59,3,118479,9,13,2,9,0,1,1,0,0,40,2,0
32,3,367904,0,6,0,6,1,4,0,0,0,40,25,0
72,3,181494,11,9,6,7,4,4,0,0,0,25,38,0
26,1,189027,11,9,2,13,0,4,1,0,0,40,38,0
31,1,33124,9,13,4,9,1,4,0,0,0,50,38,0
38,3,34378,5,4,2,2,0,4,1,0,0,40,38,0
44,3,112847,5,4,2,2,0,1,1,0,0,40,29,0
48,3,164964,11,9,2,6,0,4,1,0,0,40,38,0
61,3,394534,11,9,2,9,0,2,1,0,0,6,38,0
24,3,192017,15,10,2,5,0,4,1,0,0,30,38,0
19,3,91278,15,10,4,9,3,4,1,0,0,25,38,0
28,5,107458,11,9,4,2,3,4,1,0,0,45,38,0
32,3,107142,8,11,2,2,0,4,1,5013,0,50,38,0
35,3,304001,15,10,2,2,0,4,1,0,0,40,38,0
37,3,292370,9,13,2,9,0,3,1,0,0,50,38,1
66,3,314347,11,9,2,9,0,2,1,0,0,40,38,0
40,6,199381,12,14,2,9,5,4,0,15024,0,37,38,1
49,1,199862,11,9,2,6,0,4,1,0,2179,40,38,0
25,1,225193,9,13,4,9,1,2,0,0,0,40,38,0
27,3,106758,11,9,0,0,4,4,0,0,0,45,38,0
37,5,227253,13,1,2,11,0,4,1,0,0,30,25,0
24,3,112854,15,10,4,12,1,4,0,0,0,16,38,0
26,3,143068,15,10,2,3,0,4,1,2407,0,50,38,0
18,2,153663,15,10,4,9,3,4,1,0,0,4,38,0
19,3,138564,11,9,4,9,3,4,0,0,0,8,38,0
29,3,129856,8,11,4,0,3,4,0,0,0,40,38,0
45,3,289353,11,9,2,13,0,2,1,0,0,24,38,0
23,3,119838,9,13,4,9,3,4,1,0,0,50,38,0
42,6,218948,10,16,0,9,4,2,0,0,0,36,22,0
26,3,258768,15,10,4,13,1,2,1,2174,0,75,38,0
26,3,177929,9,13,4,11,1,4,1,0,0,48,38,0
49,3,198774,9,13,0,11,2,4,0,0,0,35,38,0
38,3,87556,9,13,2,3,0,4,1,7688,0,55,38,1
20,3,168165,15,10,4,7,3,4,1,0,0,30,38,0
68,3,339168,9,13,2,13,0,4,1,0,0,30,38,0
48,3,355890,9,13,2,9,0,4,1,0,0,55,38,1
47,5,152752,4,3,2,13,0,4,1,0,0,20,38,0
29,3,149324,15,10,2,2,0,4,1,0,1485,40,38,1
57,3,176079,12,14,0,9,1,4,0,0,0,40,38,0
37,5,202683,11,9,2,9,0,4,1,0,0,40,38,0
43,3,206139,9,13,2,9,0,4,1,0,0,50,38,1
26,3,304283,11,9,2,6,0,4,1,0,0,40,38,0
44,3,174373,7,12,2,2,0,4,1,0,0,40,38,1
35,3,117381,9,13,4,3,1,4,1,8614,0,45,38,1
20,3,188409,15,10,4,13,1,4,1,0,0,60,38,0
34,3,199539,11,9,2,2,0,4,1,0,0,48,38,1
37,3,220237,9,13,2,3,0,4,1,5178,0,40,38,1
47,3,244025,11,9,4,6,4,0,1,0,0,56,32,0
28,3,226089,0,6,4,6,4,4,0,0,0,40,38,0
37,3,219141,1,7,2,5,0,2,1,7688,0,40,38,1
24,3,131230,15,10,4,9,1,4,1,0,0,40,38,0
35,3,225172,11,9,2,3,0,4,1,0,0,60,38,1
39,3,194404,12,14,2,9,0,4,1,7688,0,40,38,1
35,3,287658,7,12,4,13,1,2,1,0,0,30,22,0
25,3,182227,15,10,4,0,1,4,1,0,0,30,38,0
53,3,95864,10,16,2,9,0,4,1,15024,0,50,8,1
90,1,187749,7,12,2,0,0,1,1,0,0,20,29,0
29,3,221977,15,10,2,0,5,4,0,0,0,40,38,1
45,3,347321,11,9,4,2,1,4,1,0,0,40,38,0
54,3,215990,15,10,2,12,0,4,1,7688,0,40,38,1
42,5,178780,12,14,2,3,0,4,1,0,0,50,38,1
62,3,198170,12,14,2,9,0,4,1,0,0,4,38,0
18,3,209735,15,10,4,9,3,4,0,0,0,30,38,0
38,3,219446,6,5,3,3,1,4,1,0,0,54,25,0
56,1,391926,11,9,2,3,0,4,1,0,0,40,38,0
55,3,118993,15,10,5,3,4,4,0,0,0,10,38,0
39,3,103986,11,9,4,9,1,4,1,0,1590,40,38,0
30,3,361280,9,13,4,9,1,1,1,0,0,40,38,0
30,3,398827,11,9,1,0,0,4,1,0,0,60,38,0
46,6,192323,11,9,0,3,1,4,1,0,0,40,38,0
48,3,304791,15,10,6,0,1,4,0,0,0,40,38,0
19,3,25429,2,8,4,7,3,4,0,0,0,20,38,0
67,3,366425,10,16,0,3,1,4,1,99999,0,60,38,1
21,3,219086,11,9,4,7,3,4,1,0,0,35,38,0
36,3,111128,9,13,2,9,0,4,1,0,0,48,38,1
32,5,190290,11,9,2,4,0,4,1,0,0,40,21,0
22,4,437161,11,9,4,0,4,2,0,0,0,40,38,0
44,5,182771,9,13,2,3,0,1,1,0,0,48,34,1
38,3,216572,11,9,5,8,4,2,0,0,0,40,38,0
45,3,187370,12,14,0,3,4,4,1,7430,0,70,38,1
51,3,179010,15,10,0,11,1,4,0,0,0,60,38,0
42,3,153132,9,13,0,11,4,4,1,0,0,45,38,0
18,3,110142,11,9,4,11,3,4,0,0,0,40,38,0
26,3,242464,8,11,4,3,1,4,1,0,0,50,38,0
27,5,206889,15,10,2,4,0,4,1,0,0,50,38,0
27,3,188711,15,10,0,9,1,4,1,0,0,30,38,0
48,3,55720,15,10,2,13,0,4,1,2407,0,40,38,0
40,3,353142,15,10,0,6,4,2,0,0,0,40,38,0
22,6,34310,15,10,4,13,3,4,1,0,0,25,38,0
25,3,227548,2,8,2,7,0,2,1,3103,0,40,38,0
50,6,139157,12,14,0,9,1,4,1,0,0,60,38,1
37,3,202027,12,14,2,0,0,4,1,7688,0,50,38,1
49,3,332355,11,9,2,3,0,4,1,0,0,40,38,0
41,3,306405,15,10,2,12,5,4,0,0,0,40,38,0
39,3,113481,9,13,2,3,0,4,1,0,0,45,38,1
81,5,108604,0,6,2,4,0,4,1,0,0,45,38,0
35,3,257042,15,10,2,9,0,4,1,0,0,50,38,0
41,6,110556,12,14,2,3,5,2,0,0,0,40,38,0
20,3,257509,11,9,4,2,3,4,1,0,0,40,38,0
52,4,134854,11,9,2,3,0,4,1,0,0,40,38,1
45,3,329603,10,16,2,9,0,4,1,0,0,40,30,1
67,6,121395,9,13,2,9,0,1,1,0,0,12,38,0
31,3,150309,10,16,2,9,5,4,0,0,0,90,38,0
58,1,215245,9,13,4,9,1,4,0,0,0,37,38,0
34,5,319165,10,16,2,9,0,4,1,0,0,50,38,1
19,3,560804,15,10,4,0,3,4,0,0,0,30,38,0
55,3,176904,0,6,2,13,0,4,1,0,0,50,38,0
52,3,196894,1,7,5,5,4,4,1,0,0,40,38,0
34,3,209101,9,13,2,3,0,4,1,5178,0,55,38,1
40,3,346847,8,11,5,9,2,4,0,0,0,40,38,0
35,3,343403,15,10,4,11,1,4,0,0,0,40,38,0
43,3,184099,7,12,2,13,0,4,1,0,0,40,38,0
26,1,197430,9,13,4,9,1,4,0,0,0,50,38,0
28,3,182344,11,9,4,7,1,2,1,0,0,40,38,0
30,3,164802,9,13,4,3,1,3,0,8614,0,40,18,1
42,3,194537,11,9,0,6,4,4,0,0,0,40,38,0
18,3,186954,1,7,4,7,3,4,0,0,0,20,38,0
28,3,232782,15,10,4,0,1,4,0,0,0,40,38,0
25,3,281627,12,14,4,9,1,4,0,0,0,40,38,0
55,4,183884,11,9,2,3,0,4,1,0,0,50,38,1
49,3,195554,11,9,2,13,0,4,1,0,0,44,38,0
34,3,248754,1,7,4,6,1,4,1,0,0,40,38,0
31,3,247328,1,7,2,10,0,4,1,0,0,40,38,0
72,3,284080,3,2,0,7,1,2,1,0,0,40,38,0
21,3,415755,15,10,4,7,3,4,1,0,0,40,38,0
19,3,91928,15,10,4,7,2,4,0,0,0,35,38,0
49,3,195956,9,13,0,12,4,4,0,0,0,35,38,0
55,3,377061,9,13,2,10,0,4,1,0,0,40,38,1
47,3,63225,3,2,0,7,1,4,0,0,0,15,38,0
19,3,243942,15,10,4,6,1,4,1,0,0,40,38,0
54,3,338089,12,14,5,3,1,4,1,0,0,40,38,0
72,5,28865,5,4,2,13,0,4,1,0,0,14,38,0
23,3,186014,15,10,4,0,3,4,0,0,0,15,38,0
46,1,190961,11,9,5,0,4,2,0,0,0,40,38,0
29,3,236436,11,9,4,0,1,4,0,0,0,40,38,0
40,4,102226,11,9,2,3,0,4,1,0,0,40,38,0
25,3,104614,11,9,4,10,4,4,0,0,0,25,38,0
38,0,205852,11,9,4,0,1,4,1,0,0,45,38,1
56,3,176613,9,13,0,9,1,1,0,0,0,40,29,0
42,3,197344,11,9,2,7,0,4,1,0,0,45,38,0
19,3,124265,15,10,4,5,3,4,1,0,0,40,38,0
76,3,98695,15,10,0,0,1,4,0,0,0,20,38,0
17,3,225507,1,7,4,5,1,2,0,0,0,15,38,0
17,3,178953,2,8,4,11,3,4,0,0,0,20,38,0
50,3,257933,15,10,0,0,1,4,0,0,0,40,38,0
39,4,218184,6,5,2,3,0,4,1,0,1651,40,25,0
73,4,191540,9,13,2,11,0,4,1,0,0,50,38,1
19,3,426589,11,9,3,7,3,4,0,0,0,35,38,0
26,3,199600,11,9,4,11,1,2,1,0,0,40,38,0
33,3,124407,9,13,4,9,1,4,0,0,0,40,38,0
29,3,186733,11,9,2,2,0,4,1,0,0,50,38,0
22,3,114357,15,10,4,7,1,4,1,0,0,35,38,0
26,3,233461,11,9,2,7,0,4,1,0,0,53,25,0
37,1,239161,15,10,5,10,3,3,1,0,0,52,38,0
31,6,124020,7,12,2,12,0,4,1,0,0,40,38,1
41,3,192779,5,4,2,7,0,4,1,0,0,40,38,0
27,3,192936,9,13,4,3,1,4,0,0,0,30,38,0
27,3,389713,15,10,4,11,1,4,1,0,0,40,38,0
48,3,194526,15,10,2,11,5,4,0,0,0,40,38,0
41,3,143003,8,11,2,7,0,1,1,7298,0,60,18,1
59,1,165695,15,10,2,2,0,4,1,0,0,40,38,0
61,3,244261,11,9,2,2,0,2,1,0,0,40,38,0
44,3,151780,15,10,6,3,1,2,0,0,0,40,38,0
42,3,185764,15,10,2,6,0,4,1,0,0,60,38,0
66,1,75134,11,9,6,0,4,4,0,0,0,25,38,0
39,1,177728,12,14,0,9,1,4,0,0,0,40,38,0
69,3,165017,11,9,6,6,4,4,1,2538,0,40,38,0
40,3,116632,9,13,0,11,3,4,1,0,0,80,38,0
21,3,400635,15,10,4,7,1,4,0,0,0,20,38,0
52,3,126978,11,9,2,6,5,1,0,0,0,40,2,0
30,3,100734,9,13,4,12,1,4,0,0,0,40,38,0
24,3,21154,15,10,4,0,3,4,0,0,0,30,38,0
38,1,255454,9,13,5,9,4,2,1,0,0,40,38,0
61,3,217125,3,2,2,5,0,4,1,0,0,40,25,0
31,3,288419,0,6,2,6,0,4,1,0,0,40,38,0
36,3,167482,15,10,2,2,0,4,1,0,0,40,38,1
64,0,316246,9,13,0,0,1,2,0,0,0,40,38,0
27,3,147951,11,9,4,6,2,4,1,0,0,1,38,0
30,3,316606,9,13,2,7,5,4,0,0,0,40,38,0
42,6,105804,1,7,2,4,0,4,1,0,0,40,38,0
19,3,146679,15,10,4,3,3,2,1,0,0,30,38,0
29,3,32897,11,9,0,7,1,4,0,0,0,25,38,0
18,3,190776,15,10,4,7,3,4,1,0,0,30,38,0
34,3,124827,0,6,2,13,0,4,1,0,0,80,38,0
56,3,271795,1,7,0,2,1,4,1,0,0,49,38,0
33,5,203784,8,11,2,4,0,4,1,0,0,62,38,0
62,3,138253,12,14,4,5,1,4,1,4650,0,40,38,0
60,5,143932,12,14,2,3,0,4,1,0,0,40,38,0
61,3,173866,0,6,2,6,0,4,1,0,0,45,38,1
24,3,211129,9,13,4,3,2,4,0,0,0,60,38,1
53,3,295896,1,7,2,2,0,4,1,0,0,45,38,0
57,3,223214,11,9,2,11,0,4,1,0,0,50,38,0
19,3,426589,11,9,4,9,3,4,0,0,0,15,38,0
34,3,169583,12,14,4,3,1,4,0,0,0,50,38,0
34,3,103596,11,9,2,5,0,4,1,0,0,40,38,0
26,3,229613,11,9,0,6,1,4,0,0,0,40,38,0
27,3,339921,15,10,4,7,1,4,1,0,0,38,25,0
26,3,195555,9,13,4,11,1,4,0,0,0,40,38,0
41,3,115932,15,10,2,3,0,4,1,99999,0,50,38,1
63,3,85420,15,10,2,3,0,4,1,0,0,10,38,0
24,3,224716,11,9,4,2,3,4,1,0,0,40,38,0
42,3,177989,11,9,2,2,0,4,1,0,0,40,38,0
63,4,272425,8,11,2,3,0,4,1,0,0,40,38,1
48,6,122066,11,9,2,0,0,4,1,0,0,35,38,1
44,6,96249,15,10,2,3,0,4,1,3411,0,40,38,0
41,3,413365,11,9,2,13,0,2,1,0,0,40,38,0
49,3,186256,15,10,2,0,0,4,1,0,0,40,38,0
39,3,266347,15,10,2,11,0,4,1,0,0,40,38,0
34,3,157289,15,10,2,2,0,4,1,0,0,40,38,0
21,3,107801,15,10,4,9,3,4,0,0,0,3,38,0
27,3,262723,15,10,4,6,4,2,1,0,0,40,38,0
60,3,176731,11,9,2,12,0,4,1,0,0,40,38,0
27,3,255582,11,9,4,6,1,4,0,0,0,40,38,0
42,3,89226,11,9,2,7,0,4,1,7688,0,40,11,1
52,5,77336,8,11,2,2,0,4,1,0,0,40,38,0
19,3,250639,15,10,4,7,3,4,1,0,0,24,38,0
26,3,166051,9,13,4,0,3,4,0,0,0,40,38,0
22,3,182163,11,9,5,11,4,4,0,0,0,40,38,0
44,5,89413,9,13,2,4,0,4,1,0,0,50,38,0
22,3,335453,15,10,4,9,3,4,0,0,0,16,38,0
49,4,211020,10,16,2,9,0,4,1,15024,0,50,38,1
24,3,161638,11,9,2,6,1,4,0,0,0,40,6,0
23,3,170070,2,8,4,7,1,4,0,0,0,38,38,0
36,3,146412,15,10,0,0,4,4,0,0,0,40,38,0
24,0,203182,9,13,4,3,1,4,0,2174,0,40,38,0
26,3,35917,11,9,2,11,0,4,1,0,0,40,38,0
62,3,138157,11,9,2,6,0,4,1,0,0,40,38,0
24,3,137876,11,9,4,2,3,4,1,0,0,50,38,0
26,3,199224,15,10,4,5,1,4,1,0,0,30,38,0
34,3,169564,11,9,0,6,4,4,0,0,0,40,38,0
44,3,32000,15,10,2,12,0,4,1,0,0,18,38,1
36,3,329980,9,13,4,3,1,4,1,27828,0,40,38,1
22,3,203076,0,6,2,5,0,4,1,0,0,40,38,0
38,1,72338,11,9,2,10,0,1,1,0,0,54,38,1
51,3,100933,11,9,4,3,2,4,0,0,0,40,38,0
54,3,419712,11,9,2,13,0,2,1,0,0,40,38,0
50,6,242517,9,13,0,3,1,4,0,0,0,40,38,0
28,3,208725,14,15,2,9,0,4,1,0,0,50,38,1
53,3,152810,12,14,2,3,0,4,1,0,1977,55,38,1
39,3,71701,11,9,0,9,4,4,0,0,0,40,38,0
22,6,477505,7,12,4,0,1,4,1,0,0,40,38,0
35,6,225385,11,9,0,9,4,4,0,0,0,40,38,0
25,6,149248,15,10,4,7,1,2,1,0,0,40,38,0
76,4,99328,9,13,2,4,0,4,1,6514,0,40,38,1
33,3,174201,11,9,4,5,3,4,1,0,0,40,38,0
30,5,303692,11,9,2,3,0,4,1,0,0,75,38,0
41,5,197176,11,9,2,3,0,4,1,0,0,50,38,0
79,3,266119,9,13,2,11,0,4,1,0,0,40,38,0
63,6,266565,11,9,0,0,1,4,0,0,0,27,38,0
40,3,53774,11,9,2,0,5,4,0,4064,0,12,38,0
55,3,234213,11,9,2,13,0,4,1,0,0,60,38,0
40,6,229364,12,14,0,9,1,4,0,0,0,45,38,0
42,3,313945,12,14,2,11,0,4,1,0,0,40,6,0
33,3,181388,11,9,5,7,4,4,0,0,0,40,38,0
19,6,67217,15,10,4,7,1,4,1,594,0,24,38,0
22,3,102684,15,10,4,13,1,4,1,0,0,32,38,0
20,3,266400,15,10,4,9,3,4,0,0,0,48,38,0
53,3,201127,11,9,2,2,0,4,1,0,0,40,38,0
59,3,112798,11,9,0,9,4,4,0,0,0,60,38,0
25,3,223426,8,11,4,11,1,4,1,0,0,65,1,1
39,3,32650,8,11,4,4,1,4,1,0,0,60,38,0
48,3,155862,11,9,0,13,1,4,1,0,0,65,38,0
64,1,142166,11,9,2,2,0,4,1,0,0,99,38,0
33,0,43608,15,10,4,3,1,2,0,0,0,40,38,0
20,3,333843,11,9,4,0,3,4,0,0,0,40,38,0
18,3,184101,1,7,4,4,3,4,1,0,0,6,38,0
52,3,82285,9,13,3,7,2,2,0,0,0,40,13,0
45,1,135776,12,14,0,9,1,4,0,0,0,30,38,0
30,3,333119,15,10,4,2,1,4,1,0,0,40,38,0
60,3,164599,15,10,2,3,0,4,1,7298,0,40,38,1
57,5,184553,11,9,2,2,0,4,1,0,0,50,38,1
19,3,310483,2,8,4,7,3,4,1,0,0,25,38,0
21,3,182117,15,10,4,7,3,4,1,0,0,15,38,0
20,3,86143,15,10,4,7,2,1,1,0,0,30,38,0
37,3,183739,12,14,2,9,5,4,0,0,0,8,38,1
28,3,163772,11,9,2,7,0,3,1,0,0,40,38,0
31,3,35378,15,10,0,0,1,4,0,0,0,45,38,0
28,3,224506,15,10,2,11,0,2,1,0,0,40,38,0
19,3,286419,15,10,4,0,3,4,1,0,0,20,38,0
29,3,115677,9,13,4,9,1,4,1,0,0,40,38,0
42,3,98211,9,13,2,3,0,4,1,15024,0,45,38,1
40,3,300838,3,2,2,2,0,3,1,0,0,40,25,0
26,3,174921,9,13,4,11,1,4,0,0,0,40,38,0
41,3,167375,9,13,4,0,1,4,1,0,0,52,38,0
77,3,88545,15,10,2,9,0,4,1,0,0,8,38,0
37,4,198841,9,13,2,11,0,4,1,0,0,50,38,1
19,3,318822,1,7,4,8,1,4,0,0,0,35,38,0
27,3,302406,15,10,2,11,0,4,1,0,0,40,38,1
49,3,27614,11,9,5,6,1,4,0,0,0,40,38,0
24,3,69640,9,13,4,11,3,4,1,0,0,40,38,0
20,3,33087,8,11,4,4,3,4,1,0,0,40,38,0
44,3,178385,12,14,2,3,0,1,1,0,0,48,18,0
37,3,121521,14,15,2,9,0,4,1,15024,0,45,38,1
43,6,424094,10,16,4,9,1,4,0,0,0,40,38,0
36,3,348960,15,10,2,2,0,4,1,0,0,40,38,0
50,3,228057,11,9,2,13,0,4,1,0,0,40,38,0
54,5,52634,15,10,2,11,0,4,1,0,0,40,38,0
38,1,165799,15,10,4,7,1,4,1,0,0,12,38,0
35,3,169638,15,10,0,11,4,4,0,0,0,36,38,0
48,1,81154,8,11,4,10,4,4,1,0,0,48,38,0
17,1,192387,6,5,4,7,3,4,1,0,0,45,38,0
30,3,161153,11,9,4,2,3,4,1,0,0,40,38,0
31,3,156743,12,14,2,11,0,4,1,0,0,76,38,1
24,5,322931,5,4,2,13,0,4,1,0,1902,40,38,1
51,4,318351,11,9,0,0,1,4,0,0,1741,40,38,0
32,4,124052,11,9,2,11,0,4,1,0,0,50,38,0
32,1,198211,8,11,3,2,1,4,1,0,0,40,38,0
58,4,120384,11,9,2,3,0,4,1,0,0,40,38,1
51,0,100653,11,9,0,0,1,4,0,0,0,8,38,0
63,3,151210,5,4,0,11,1,4,0,0,0,40,38,0
19,3,143816,15,10,4,6,2,2,1,0,0,30,38,0
34,3,84154,9,13,2,11,0,4,1,0,0,50,38,0
21,6,48121,15,10,4,3,3,4,1,0,1602,10,38,0
21,3,402136,15,10,4,3,3,4,0,0,0,20,38,0
20,6,125165,15,10,4,0,3,4,0,0,0,25,38,0
40,3,558944,5,4,4,4,3,4,1,0,0,40,38,0
47,3,197836,11,9,2,11,0,4,1,0,0,45,38,0
41,3,76625,11,9,2,2,0,4,1,0,0,40,38,0
58,4,349910,14,15,2,9,0,4,1,0,1977,50,38,1
26,3,157028,12,14,4,9,1,4,1,0,0,55,38,1
24,3,127159,15,10,4,7,2,4,0,0,0,24,38,0
41,3,118619,9,13,2,3,0,2,1,0,0,50,38,0
31,3,196125,1,7,2,2,0,4,1,0,0,40,38,0
58,0,256466,12,14,2,12,0,1,1,7688,0,40,2,1
27,3,198197,9,13,4,12,1,4,1,0,0,45,38,0
25,1,190057,9,13,4,9,3,4,0,0,0,40,38,0
18,3,230875,1,7,4,0,1,4,1,0,0,40,38,0
25,3,190107,11,9,2,2,0,4,1,0,0,40,38,1
25,3,218136,15,10,4,5,1,2,1,0,0,40,27,0
45,3,123844,11,9,0,7,3,4,0,0,0,60,38,0
21,3,223352,11,9,4,7,1,4,0,1055,0,30,38,0
55,3,134120,0,6,2,2,0,4,1,99999,0,40,38,1
50,1,283314,7,12,2,10,0,4,1,0,1977,40,38,1
25,1,112835,12,14,4,10,1,4,1,0,0,40,38,0
39,3,182189,11,9,2,2,0,4,1,0,1887,65,38,1
25,3,108317,9,13,4,3,1,4,1,0,0,40,38,0
54,3,182187,8,11,2,10,0,2,1,15024,0,38,22,1
27,3,36440,14,15,4,9,1,4,0,0,0,65,38,1
58,3,225394,11,9,2,2,0,4,1,0,1902,40,38,0
41,3,152617,11,9,0,3,4,4,0,0,0,40,38,0
20,0,178517,15,10,4,12,1,4,1,0,0,40,38,0
40,3,247469,10,16,2,9,5,4,0,0,0,30,38,1
31,3,234537,9,13,2,9,0,4,1,7298,0,50,38,1
51,1,106365,7,12,0,0,4,4,0,0,0,40,38,0
41,3,163287,9,13,0,13,1,4,1,0,0,48,38,0
33,5,361817,11,9,5,2,4,4,1,0,0,50,38,0
22,3,105686,11,9,4,5,4,4,1,0,0,40,38,0
48,3,199590,11,9,2,7,0,4,1,0,0,40,25,1
33,3,265204,11,9,0,6,4,2,0,0,0,40,38,0
25,3,421467,7,12,4,5,3,4,1,0,0,26,38,0
50,5,371305,11,9,2,11,0,4,1,0,1902,60,38,1
32,3,179415,0,6,2,5,2,4,1,0,0,40,38,0
55,3,213615,11,9,2,2,0,4,1,0,0,40,38,1
32,4,343872,15,10,2,13,0,2,1,0,0,35,13,0
51,1,108435,12,14,2,9,0,4,1,0,0,80,38,1
19,6,176936,11,9,4,0,3,4,0,0,0,30,38,0
65,3,113293,11,9,2,2,0,4,1,0,0,40,38,0
33,6,121245,9,13,2,9,0,4,1,0,0,60,38,1
49,5,117634,15,10,6,2,4,4,0,0,0,30,38,0
52,3,240612,11,9,2,9,5,4,0,0,0,40,28,1
27,3,312939,1,7,4,5,3,4,1,0,0,40,38,0
18,3,352430,1,7,4,9,3,4,1,0,1602,30,38,0
24,3,247846,11,9,4,2,4,2,0,0,0,40,38,0
25,3,248990,0,6,2,6,0,4,1,0,0,40,12,0
59,3,170104,9,13,2,3,0,4,1,0,1977,50,38,1
17,3,401198,1,7,4,11,3,4,0,0,0,15,38,0
33,3,149184,14,15,2,9,0,4,1,0,1977,50,38,1
33,3,66278,12,14,4,9,1,4,0,0,0,40,38,0
18,3,177648,11,9,4,11,3,4,0,0,0,25,38,0
18,3,446771,15,10,4,0,3,4,1,0,0,25,38,0
48,4,88564,15,10,0,4,1,4,1,0,0,45,38,0
40,3,184857,11,9,5,6,4,4,1,0,0,40,38,0
40,3,100292,11,9,2,11,0,4,1,0,0,52,38,1
29,3,231554,15,10,2,0,0,2,1,0,0,50,38,0
37,1,249392,8,11,2,10,0,4,1,0,0,40,38,1
24,3,35633,15,10,4,9,1,4,1,0,0,40,38,0
18,3,185522,11,9,4,11,3,4,0,0,0,33,38,0
24,3,329530,6,5,2,11,0,4,1,0,0,45,25,0
90,3,77053,11,9,6,9,1,4,0,0,4356,40,38,0
18,4,174202,11,9,4,13,3,4,1,0,0,60,38,0
27,1,100817,9,13,2,9,5,0,0,0,0,40,38,0
69,3,320280,15,10,4,9,1,4,1,1848,0,1,38,0
32,3,164197,9,13,2,2,0,4,1,0,0,44,38,1
59,3,333270,12,14,2,2,5,1,0,0,0,35,29,0
36,3,103886,11,9,2,9,0,4,1,0,0,15,38,0
23,3,335067,9,13,4,11,1,4,1,0,0,50,38,0
54,0,149596,9,13,2,3,5,4,0,0,0,45,38,0
44,4,223881,11,9,2,2,0,4,1,99999,0,50,38,1
58,3,223214,11,9,2,9,0,4,1,0,0,40,38,1
49,3,174426,15,10,2,11,0,4,1,0,1977,50,38,1
38,3,107479,6,5,4,9,3,4,0,0,0,12,38,0
56,3,169086,10,16,2,9,0,4,1,0,0,55,38,1
27,3,132372,11,9,4,9,4,4,0,0,0,40,38,0
24,3,125905,11,9,2,2,0,4,1,0,0,40,38,0
24,3,249351,11,9,2,6,5,4,0,0,0,40,38,0
39,3,548510,9,13,2,9,0,2,1,0,0,30,38,0
49,5,165229,8,11,2,3,0,4,1,0,0,40,38,0
48,3,129777,11,9,6,0,4,4,0,0,0,40,38,0
24,5,216889,6,5,2,2,0,4,1,0,0,45,38,0
51,1,176813,7,12,2,9,0,4,1,0,0,60,38,0
47,3,207140,11,9,0,0,1,4,0,0,0,38,38,0
24,3,220426,11,9,4,5,1,4,1,0,0,40,38,0
29,3,337953,9,13,4,5,1,4,1,0,0,36,38,0
20,5,105997,15,10,4,11,1,4,0,0,0,25,38,0
44,4,325159,8,11,2,4,0,4,1,0,0,40,38,0
18,3,240183,11,9,4,7,3,4,0,0,0,20,38,0
36,1,28996,11,9,2,13,0,4,1,0,0,40,38,0
43,3,124692,9,13,2,11,0,4,1,0,0,40,38,1
30,3,109117,8,11,4,5,3,4,1,0,0,45,38,0
54,1,188446,11,9,2,7,0,4,1,0,0,40,38,0
46,3,168262,9,13,2,0,0,4,1,0,0,40,38,1
48,1,116601,12,14,0,9,4,1,0,0,0,50,26,0
31,3,100333,1,7,4,6,1,4,0,0,0,36,38,0
24,3,424494,9,13,2,9,0,4,1,0,0,30,38,0
30,5,96480,12,14,2,9,5,4,0,0,0,60,38,1
65,3,115890,9,13,2,13,0,4,1,0,0,20,38,0
43,3,174524,11,9,2,6,0,4,1,0,0,40,38,1
36,3,341672,11,9,3,0,2,1,1,0,0,60,18,0
44,3,210875,1,7,0,9,1,2,0,0,0,40,38,0
29,3,83742,11,9,0,7,4,4,0,0,0,45,38,0
52,6,254285,9,13,2,9,0,4,1,0,0,40,38,0
42,3,166740,9,13,0,9,1,4,1,0,0,40,38,0
69,3,269499,11,9,6,5,1,4,0,0,0,8,38,0
25,3,208591,9,13,4,9,3,4,1,0,0,40,38,0
43,1,260696,9,13,0,9,4,4,0,0,0,55,38,0
54,3,175912,11,9,6,6,4,4,1,914,0,40,38,0
51,0,20795,11,9,2,13,0,4,1,7688,0,40,38,1
29,3,129528,9,13,4,9,1,4,0,0,0,40,38,0
62,3,134768,10,16,2,9,0,4,1,7688,0,40,38,1
30,3,143540,6,5,2,4,0,4,1,0,0,40,38,0
30,3,102821,15,10,2,2,1,4,1,0,0,40,25,0
40,3,360884,15,10,2,0,5,4,0,7298,0,40,38,1
69,4,106395,11,9,2,7,0,4,1,0,0,40,38,1
31,3,98639,11,9,4,2,4,4,1,0,0,40,38,0
56,3,159472,5,4,2,13,0,4,1,0,0,40,38,0
37,0,188069,15,10,2,0,0,4,1,0,0,40,29,1
42,3,126003,11,9,2,12,0,4,1,0,0,40,38,1
47,3,345493,14,15,2,9,0,1,1,99999,0,55,35,1
50,1,259377,12,14,2,9,5,4,0,15024,0,40,38,1
40,5,308296,11,9,0,7,3,4,0,0,0,40,38,0
32,4,111746,15,10,2,2,0,4,1,0,0,40,38,0
41,3,336643,15,10,0,3,1,4,0,0,0,80,38,0
25,3,25249,15,10,4,0,1,4,0,0,0,40,38,0
19,3,229431,15,10,4,9,3,4,1,0,0,40,38,0
37,3,358753,1,7,2,2,0,4,1,5013,0,40,38,0
58,3,301867,11,9,2,4,0,4,1,0,0,40,38,0
67,3,105252,12,14,2,3,0,4,1,0,0,40,38,1
36,3,218689,12,14,2,11,0,4,1,0,1977,50,38,1
61,5,115023,12,14,2,2,0,4,1,0,0,4,38,0
29,3,178469,11,9,4,11,1,4,0,0,0,40,38,0
23,3,116934,0,6,2,9,5,4,0,0,0,40,38,0
21,3,351381,11,9,4,0,3,4,0,0,0,40,38,0
46,0,332727,15,10,2,2,0,4,1,0,0,40,38,1
59,5,165315,9,13,2,9,0,4,1,99999,0,43,38,1
42,3,201732,15,10,2,11,0,4,1,0,0,40,38,1
34,3,329587,0,6,5,7,1,4,0,0,0,35,38,0
37,3,130200,11,9,2,3,0,4,1,0,0,70,38,1
73,3,243030,9,13,2,9,0,4,1,0,0,30,38,0
56,3,197369,5,4,2,3,0,4,1,0,0,40,38,1
32,3,251612,4,3,4,9,4,4,0,0,0,45,25,0
44,1,184105,9,13,2,0,0,4,1,5013,0,40,38,0
37,3,282872,11,9,2,2,0,4,1,0,1628,40,38,0
41,3,303521,9,13,0,9,1,4,1,4650,0,45,38,0
49,3,50748,15,10,0,11,4,4,0,0,0,55,8,0
20,3,197752,15,10,4,0,3,4,1,0,0,16,38,0
31,3,163594,11,9,4,11,1,4,0,0,0,45,38,0
19,3,47577,15,10,4,13,1,4,1,0,0,50,38,0
44,3,244974,11,9,2,11,0,4,1,0,0,60,38,0
47,5,149116,12,14,4,9,1,4,0,0,0,50,38,0
68,5,211584,15,10,2,11,0,4,1,0,0,40,38,1
52,3,166419,15,10,0,0,1,2,0,0,0,37,38,0
21,3,131404,11,9,4,7,2,4,1,0,0,25,38,0
28,3,338409,9,13,2,9,5,2,0,0,0,40,4,0
52,3,180142,12,14,2,12,0,4,1,0,0,45,38,0
43,3,193459,1,7,2,5,0,4,1,0,0,40,38,0
21,3,139722,11,9,4,2,1,4,1,0,0,40,32,0
64,3,169482,15,10,3,3,4,4,0,0,0,40,38,0
27,3,230959,9,13,4,12,3,1,0,0,0,40,29,0
36,3,269722,12,14,2,7,0,4,1,0,0,40,38,0
48,3,395368,15,10,0,5,2,2,1,0,0,40,38,0
35,3,181382,11,9,2,2,0,4,1,0,0,43,38,0
50,3,193871,9,13,0,3,4,4,0,0,0,40,38,0
34,3,235271,15,10,4,6,3,4,1,0,0,86,38,1
34,5,226296,11,9,2,9,0,4,1,0,0,51,38,0
42,3,69019,15,10,2,2,0,2,1,0,0,40,38,1
17,3,202521,1,7,4,9,3,4,1,0,0,40,38,0
39,3,191502,8,11,2,2,0,4,1,0,0,40,38,0
36,3,61778,15,10,2,2,0,4,1,0,0,60,38,1
33,3,198069,11,9,4,6,1,4,1,0,0,65,38,0
24,3,87546,15,10,2,0,5,4,0,0,0,40,38,0
39,3,185084,15,10,2,6,0,4,1,0,0,55,38,0
43,3,177937,9,13,4,9,1,4,1,0,0,40,38,1
70,3,308689,4,3,2,9,0,2,1,0,0,40,4,0
17,3,53367,6,5,4,7,3,4,0,0,0,35,38,0
46,3,247286,15,10,0,11,4,4,0,0,0,40,38,0
22,3,412156,15,10,4,0,3,4,0,0,0,40,38,0
27,3,335878,7,12,2,13,0,2,1,0,0,45,38,0
28,3,129882,15,10,4,0,4,2,0,0,0,40,38,0
21,3,26410,11,9,4,0,1,4,0,0,0,40,38,0
39,3,238415,9,13,2,3,0,4,1,0,0,50,38,1
45,3,88500,15,10,2,6,0,4,1,0,0,44,38,1
50,5,34067,15,10,2,4,0,4,1,0,0,60,38,1
46,3,158825,11,9,0,2,1,4,0,14344,0,40,38,1
21,3,329174,11,9,4,12,1,4,1,4865,0,40,38,0
38,3,331395,9,13,2,11,0,4,1,0,0,38,38,0
23,3,223367,15,10,4,5,3,4,1,0,0,40,38,0
20,3,117222,15,10,4,12,3,4,1,0,0,15,38,0
33,3,348592,11,9,4,2,1,4,1,0,0,40,38,1
25,3,367306,15,10,4,12,3,4,0,0,0,40,38,0
55,3,254627,11,9,2,7,0,4,1,0,0,40,38,0
43,3,178780,15,10,2,3,0,4,1,0,0,49,38,1
42,3,52781,9,13,2,9,0,4,1,7688,0,40,38,1
42,3,230684,11,9,2,11,0,4,1,5178,0,50,38,1
37,3,188763,9,13,2,9,0,4,1,0,0,45,38,1
50,4,240374,12,14,2,11,0,4,1,0,0,40,38,1
28,3,274679,12,14,4,9,1,4,1,0,0,50,38,0
28,5,264961,15,10,2,2,0,4,1,0,0,45,38,0
69,3,88566,6,5,2,7,0,4,1,1424,0,35,38,0
56,5,210731,5,4,0,11,2,4,1,0,0,20,25,0
50,1,163576,12,14,4,9,1,4,0,0,0,50,38,1
29,3,413297,7,12,4,11,1,4,1,0,0,45,25,0
21,3,83033,15,10,4,0,3,4,0,2176,0,20,38,0
49,3,189498,11,9,2,11,0,4,1,0,0,50,38,1
35,3,218955,9,13,2,11,0,4,1,0,0,40,38,0
67,5,148690,12,14,6,9,1,4,1,18481,0,2,38,1
45,1,187715,11,9,2,10,0,4,1,0,0,40,38,1
34,3,183778,11,9,2,2,0,4,1,0,0,40,38,0
28,3,112917,8,11,2,12,0,3,1,0,0,40,25,0
48,3,324655,9,13,4,9,1,4,1,0,0,40,38,0
27,3,29261,7,12,4,7,2,4,1,0,0,42,38,0
56,3,201344,15,10,6,2,4,4,0,0,0,38,38,0
26,3,133756,11,9,0,4,1,1,1,0,0,40,29,0
40,6,195388,15,10,2,10,0,4,1,0,0,40,38,0
37,3,162494,9,13,4,0,1,4,0,0,0,40,38,0
26,3,142914,7,12,2,9,5,4,0,0,0,75,38,0
43,3,172577,15,10,0,0,1,4,0,0,0,44,38,0
33,3,131776,9,13,0,9,4,4,0,914,0,40,10,0
44,3,101593,9,13,2,11,0,4,1,0,0,60,38,0
60,5,123190,6,5,2,3,0,4,1,0,1887,67,38,1
18,3,78181,15,10,4,7,2,4,0,0,0,40,38,0
37,3,78488,11,9,4,7,1,4,0,0,0,32,38,0
34,3,199864,15,10,2,0,5,4,0,0,2057,40,38,0
38,3,110607,11,9,0,7,1,4,1,0,0,32,38,0
38,5,192939,11,9,2,2,0,4,1,0,0,50,38,0
18,3,115258,1,7,4,9,3,4,1,0,0,12,38,0
18,3,145005,15,10,4,7,3,4,1,0,0,20,38,0
47,3,39530,11,9,0,7,1,4,0,0,0,4,38,0
72,3,173427,11,9,2,9,0,4,1,0,0,40,4,0
30,3,154120,9,13,2,3,0,4,1,0,1977,60,38,1
23,3,31606,11,9,4,0,4,4,0,0,0,40,38,0
27,3,162104,6,5,4,9,3,4,0,0,0,40,38,0
22,3,141003,11,9,4,7,3,4,1,0,0,40,38,0
45,3,179428,15,10,2,13,0,4,1,0,0,55,38,0
60,5,127805,5,4,2,13,0,4,1,0,0,40,38,1
25,3,22546,9,13,4,13,3,4,1,0,0,60,38,0
30,3,184290,9,13,4,11,1,4,1,0,0,55,38,0
61,3,105384,9,13,2,9,0,4,1,0,0,40,38,0
57,3,190488,1,7,2,2,0,4,1,0,0,40,38,1
27,3,47907,9,13,4,0,1,4,0,0,0,43,38,0
28,3,198493,7,12,4,2,1,4,1,0,0,40,38,0
49,4,58359,15,10,2,3,0,4,1,15024,0,50,38,1
44,1,56651,9,13,2,3,0,4,1,0,0,52,38,0
46,4,278322,9,13,2,11,0,4,1,0,0,45,38,0
64,3,223075,9,13,0,9,1,4,0,0,0,8,38,0
63,3,187919,1,7,2,7,0,4,1,0,0,30,38,0
27,3,193701,11,9,4,2,3,4,0,0,0,45,38,0
30,3,473133,15,10,2,11,0,4,1,0,0,50,38,0
36,3,284582,15,10,5,11,4,4,0,0,0,40,38,0
73,1,249043,12,14,2,3,0,4,1,0,0,20,4,0
26,3,122920,11,9,4,2,3,4,1,0,0,56,38,0
59,3,158776,6,5,2,6,0,4,1,0,0,40,38,0
38,3,65466,9,13,4,0,1,4,0,0,0,50,38,0
42,3,179524,9,13,5,7,1,4,0,0,0,50,38,0
32,3,154087,11,9,2,3,0,4,1,0,0,40,38,0
65,3,113293,11,9,2,2,0,4,1,0,0,50,38,1
34,3,242984,11,9,2,3,0,4,1,0,1887,45,38,1
54,1,168212,9,13,2,9,0,4,1,7688,0,40,38,1
56,3,101128,7,12,3,7,1,4,1,0,0,25,19,0
33,3,276221,10,16,2,9,0,4,1,0,0,40,38,0
41,3,213416,4,3,2,9,0,4,1,0,0,32,25,0
33,1,120508,9,13,0,10,4,4,0,0,0,60,10,0
37,3,389725,11,9,2,6,0,4,1,7298,0,40,38,1
37,1,74194,8,11,2,3,0,4,1,0,0,45,38,0
53,3,22154,15,10,2,2,0,4,1,0,0,40,38,0
47,3,162859,11,9,0,7,3,2,0,0,0,40,38,0
28,3,192588,11,9,2,6,0,4,1,0,0,40,38,0
29,1,175262,12,14,2,9,2,4,1,0,0,35,38,0
39,3,30529,9,13,2,3,0,4,1,0,1887,40,38,1
40,3,144928,15,10,2,5,0,4,1,7298,0,40,38,1
38,3,61343,6,5,2,2,0,4,1,0,0,40,38,0
35,3,237091,11,9,2,8,2,4,0,0,0,20,3,0
35,1,26987,9,13,4,9,1,4,0,0,1876,45,38,0
39,3,188540,11,9,0,3,1,4,1,0,0,45,38,0
38,3,102938,9,13,2,2,0,4,1,0,0,40,38,0
27,3,32519,15,10,2,11,0,1,1,0,0,55,34,0
64,6,222966,5,4,2,7,5,2,0,0,0,40,38,0
49,4,187563,15,10,2,13,0,4,1,0,0,50,38,1
20,3,257470,15,10,4,11,3,2,0,0,0,20,38,0
43,3,233851,9,13,0,0,1,4,0,0,0,40,38,0
51,1,259646,12,14,0,3,4,4,0,0,0,40,38,0
23,3,200967,1,7,4,7,1,4,0,0,0,24,38,0
30,3,247328,11,9,5,10,1,4,1,0,0,40,38,1
41,1,47858,9,13,2,10,0,4,1,0,0,40,38,1
44,6,175696,9,13,2,3,0,4,1,0,0,40,38,1
36,3,428251,9,13,4,12,3,4,1,0,0,40,38,0
40,3,572751,14,15,2,2,0,4,1,5178,0,40,25,1
52,3,194580,4,3,0,4,4,4,1,0,0,40,38,0
55,3,148590,0,6,6,2,4,2,0,0,0,40,38,0
59,3,192671,1,7,2,0,0,4,1,7298,0,40,38,1
29,3,250819,15,10,4,0,1,4,0,0,0,40,38,0
67,5,152102,11,9,6,4,1,4,1,0,0,65,38,0
60,3,113440,9,13,0,3,3,4,1,0,0,60,38,0
51,4,213296,11,9,2,7,0,4,1,0,0,30,38,0
43,1,115603,15,10,0,0,4,4,0,0,0,40,38,0
17,3,117798,0,6,4,7,3,4,1,0,0,20,38,0
19,3,212468,15,10,4,7,3,4,0,0,0,15,38,0
32,3,50178,15,10,4,11,3,4,1,0,0,35,38,0
34,3,228873,10,16,2,9,0,4,1,0,0,45,38,1
70,3,133536,11,9,2,9,0,4,1,0,0,28,38,0
45,3,433665,5,4,5,7,4,4,0,0,0,40,25,0
63,1,150079,11,9,2,0,5,4,0,0,0,35,38,1
53,3,250034,9,13,2,3,0,2,1,0,0,50,38,1
33,0,37546,14,15,2,9,5,4,0,0,0,40,38,1
22,3,177902,15,10,4,9,1,1,0,0,0,25,38,0
64,6,111795,9,13,2,2,0,4,1,0,0,45,38,1
17,3,202521,0,6,4,7,3,4,1,0,0,15,38,0
53,3,590941,10,16,4,9,4,4,0,0,1408,40,38,0
31,5,209213,11,9,4,11,1,2,1,0,0,40,38,0
48,3,284916,6,5,2,11,0,4,1,0,0,40,38,0
24,3,379066,15,10,4,0,1,4,1,0,2205,24,38,0
35,3,238980,15,10,4,11,1,4,1,0,0,40,38,0
41,3,163287,11,9,2,9,0,4,1,7688,0,43,38,1
61,4,113544,12,14,2,11,0,4,1,0,0,40,38,1
36,3,732569,6,5,0,0,4,4,0,0,0,40,38,0
59,3,140363,11,9,2,2,0,4,1,0,0,42,38,1
37,3,106043,11,9,2,11,0,2,1,0,0,40,38,1
76,3,82628,5,4,2,7,0,4,1,0,0,45,38,0
54,3,312631,14,15,2,9,5,4,0,0,1887,50,38,1
59,3,160362,11,9,2,11,0,4,1,0,0,60,38,0
54,3,263925,3,2,2,13,0,4,1,0,0,50,38,0
73,0,127858,15,10,6,12,1,4,0,3273,0,40,38,0
41,0,214838,12,14,2,3,0,4,1,0,0,60,38,1
53,1,324021,15,10,0,7,1,4,0,0,0,40,38,0
30,3,24292,9,13,2,11,0,4,1,0,0,45,38,1
29,3,133420,15,10,2,2,0,4,1,5013,0,40,38,0
48,3,143098,10,16,2,9,0,1,1,0,1902,40,2,1
34,5,213226,9,13,2,3,0,4,1,0,1485,35,38,0
33,3,279173,11,9,2,9,0,4,1,0,0,60,38,0
37,3,234807,9,13,0,3,4,4,0,7430,0,45,38,1
64,4,115931,11,9,2,13,0,4,1,0,0,50,38,0
33,3,177675,9,13,2,3,0,4,1,0,0,50,10,1
36,0,72338,9,13,2,9,0,1,1,0,0,40,38,1
63,3,174018,15,10,2,11,0,2,1,0,0,40,38,1
47,5,192053,5,4,2,3,0,4,1,0,0,55,38,1
22,3,335067,9,13,4,3,1,4,1,0,0,20,38,0
18,3,97474,11,9,4,9,3,4,0,0,0,20,38,0
38,3,192939,11,9,0,2,4,4,1,0,0,40,38,0
58,5,163047,9,13,0,9,1,4,0,0,0,40,38,0
56,0,155238,11,9,2,0,0,4,1,0,0,40,38,1
23,3,113301,1,7,5,9,1,4,0,0,0,35,38,0
39,5,267412,8,11,2,4,0,4,1,0,0,60,38,0
35,3,333305,15,10,2,9,3,4,0,0,0,40,38,0
31,3,259931,5,4,2,6,0,4,1,0,0,40,38,0
28,3,149734,11,9,4,7,4,2,0,0,0,52,38,0
45,3,229967,11,9,0,3,1,4,1,13550,0,50,38,1
36,3,82488,9,13,2,0,5,1,0,0,0,40,29,0
28,0,236418,15,10,4,3,1,2,1,0,0,40,38,0
52,3,172962,9,13,2,3,0,4,1,0,0,40,38,0
19,3,192773,15,10,4,9,3,4,0,0,0,35,38,0
24,3,122166,15,10,4,0,3,4,0,0,0,40,19,0
40,3,269168,11,9,2,6,0,1,1,0,0,40,38,0
61,5,36671,11,9,2,4,0,4,1,0,2352,50,38,0
17,3,191535,1,7,4,0,3,4,1,0,0,7,38,0
22,3,416103,11,9,4,2,3,4,1,0,0,50,38,0
58,3,191069,11,9,2,11,0,4,1,0,0,40,38,1
34,3,189759,9,13,2,3,0,4,1,0,1977,45,38,1
37,3,50862,11,9,2,9,0,4,1,0,0,55,38,0
51,3,115025,11,9,2,2,0,4,1,0,0,40,38,0
38,3,143538,11,9,4,6,1,4,0,0,0,40,38,0
47,3,209212,6,5,2,6,0,2,1,0,0,56,38,0
37,3,188576,10,16,2,9,0,1,1,0,0,40,38,0
68,4,140852,11,9,2,11,0,4,1,0,0,40,38,0
58,3,187487,11,9,2,6,0,4,1,0,0,40,38,0
66,3,146454,15,10,2,11,0,4,1,5556,0,40,38,1
21,3,197583,15,10,4,9,3,4,0,0,0,40,38,0
36,1,241962,9,13,2,0,0,4,1,0,0,40,38,0
32,3,24961,8,11,2,12,0,4,1,0,0,40,38,0
79,3,76641,12,14,2,9,0,4,1,20051,0,40,30,1
19,3,108147,15,10,4,0,3,4,0,0,0,15,38,0
41,1,248406,11,9,5,13,3,4,1,0,0,40,38,0
49,3,136455,9,13,4,9,1,4,0,0,0,45,38,0
28,6,158834,12,14,2,3,0,4,1,0,0,50,38,1
33,3,85043,11,9,4,4,1,4,1,0,0,20,38,0
48,3,131762,11,9,4,7,1,4,0,0,0,30,38,0
17,1,161955,1,7,4,0,3,0,0,0,0,30,38,0
23,3,210338,9,13,4,0,3,2,0,0,0,30,38,0
42,1,226902,11,9,2,10,0,4,1,0,0,40,38,1
54,3,338620,12,14,2,3,0,4,1,0,0,52,38,1
37,3,136028,8,11,2,7,0,4,1,0,0,40,38,0
59,3,147989,15,10,2,12,0,4,1,0,0,50,38,1
24,3,200295,15,10,4,7,1,4,1,0,0,30,38,0
56,3,269681,11,9,0,13,4,4,0,0,0,35,38,0
18,4,101061,1,7,4,4,3,4,1,0,0,70,38,0
38,3,277347,15,10,2,2,0,4,1,0,0,40,38,0
36,3,177907,15,10,2,6,0,4,1,0,0,65,38,0
32,3,192039,8,11,2,9,5,4,0,0,0,40,38,1
28,3,239539,11,9,4,2,3,1,1,0,0,45,38,0
66,5,176315,9,13,0,11,1,4,1,401,0,20,38,0
38,3,70995,11,9,0,9,1,4,1,0,0,45,38,0
23,3,62278,15,10,2,11,0,4,1,0,0,45,38,0
33,3,226267,7,12,2,11,0,4,1,0,0,40,25,0
28,3,179008,11,9,2,13,0,4,1,0,0,48,38,0
35,4,202027,15,10,0,3,1,4,1,0,0,60,38,0
18,3,57108,1,7,4,11,3,4,1,0,0,16,38,0
53,6,104501,10,16,2,9,0,4,1,0,0,40,38,1
49,5,204241,9,13,4,11,1,4,1,0,0,45,38,0
48,1,212050,15,10,2,9,0,4,1,0,0,40,38,1
21,3,253612,15,10,4,9,3,4,0,1055,0,32,38,0
62,3,181014,9,13,2,9,0,4,1,0,0,40,38,0
