fLength,fWidth,fSize,fConc,fConc1,fAsym,fM3Long,fM3Trans,fAlpha,fDist,class
71.4584,45.3353,3.2689,0.2179,0.1237,-47.7088,-66.146,7.1861,20.7318,223.7231,0
12.2218,1.9866,2.1636,0.7515,0.468,33.2372,71.2776,4.1361,33.0802,96.7757,0
20.2452,7.0814,2.1354,0.8245,0.5591,-51.3099,-38.0807,12.8216,14.1093,230.2081,0
76.7127,20.0405,3.5143,0.1361,0.0593,18.5134,86.9303,4.9584,13.8871,156.1681,0
40.7884,13.1594,2.5785,0.458,0.2311,-30.4811,13.8802,2.2851,13.5127,231.9529,0
29.0157,7.7342,2.7747,0.4403,0.2691,-0.6016,-47.4384,41.6592,11.0894,229.5063,1
26.9279,19.3516,2.4525,0.4194,0.267,32.5444,52.3089,2.0915,5.3327,194.7804,1
40.542,26.7107,3.1273,0.2235,0.1356,-37.2842,94.9897,-27.2016,35.8994,245.9239,1
30.3239,30.7514,3.1222,0.212,0.0938,-0.4266,69.0127,13.6676,25.8861,237.9991,0
46.18,23.208,2.6788,0.3895,0.1787,29.8094,-59.5288,46.9568,56.9001,98.8792,1
10.1301,6.7061,2.028,0.8565,0.5549,-14.9999,-75.1225,7.6563,36.8566,97.8227,0
109.5802,54.3432,3.0708,0.2889,0.1653,32.5983,110.1612,43.3951,30.4372,361.1329,1
19.2568,7.0638,2.1611,0.5839,0.3128,58.9089,-0.3539,23.9578,80.7057,178.1629,0
121.8902,27.2504,2.9899,0.2469,0.1081,-37.4086,39.7856,-31.5287,17.5322,300.9201,1
37.0714,11.9859,2.2625,0.7155,0.4648,12.1327,31.4004,-4.5143,83.8861,268.8769,1
17.7556,6.2097,2.5237,0.6212,0.4095,66.5393,108.9496,-15.8646,74.6841,161.8377,0
26.3487,27.484,2.6162,0.3262,0.1735,31.9241,-3.5205,-3.4881,68.1115,60.0933,0
31.8599,16.0023,2.7636,0.3042,0.1836,54.1634,-5.7592,-26.3278,24.0199,175.5302,0
11.8213,3.4993,2.0854,0.77,0.4347,-89.801,42.2543,14.6482,9.8851,183.0116,0
70.2843,34.5297,3.1665,0.265,0.1666,-16.9134,-100.4264,42.7226,27.1475,119.0217,1
31.3636,12.9838,2.577,0.4131,0.2551,17.7631,-13.2514,2.125,0.1633,151.6371,0
34.2799,21.0282,3.2266,0.141,0.0663,36.6002,0.7021,11.2487,29.0775,59.2363,0
12.1813,9.4571,2.4524,0.4578,0.266,-61.0311,56.5361,30.2072,13.473,120.9532,0
45.819,11.9795,2.8383,0.3046,0.1472,44.515,20.9042,6.9987,16.8715,120.6958,1
116.8579,33.9683,3.2752,0.1208,0.0829,-75.3994,-22.0127,22.9823,2.1567,91.7114,0
30.0214,17.6051,2.4114,0.5142,0.2979,41.9711,44.7373,-3.5543,54.1225,222.7131,0
29.5326,10.6015,2.4413,0.4806,0.2569,23.2532,34.8693,-1.5008,8.9575,130.2623,0
69.3636,42.4371,2.8569,0.3771,0.2183,-34.2774,-65.5787,-10.1186,31.1016,239.1328,0
65.5269,23.0044,2.5584,0.3889,0.1829,-40.8079,25.02,-3.0979,20.9849,197.6125,0
71.3705,17.126,2.7611,0.5282,0.3073,12.2416,-67.585,-15.9465,77.8512,148.1046,0
34.8073,22.9066,3.1826,0.2453,0.1457,-17.6709,13.0944,31.7779,14.4339,161.496,1
45.2062,35.6798,3.1633,0.2215,0.1543,1.8303,58.8502,10.7453,49.1619,220.0309,0
16.7138,6.6593,2.3205,0.7104,0.4805,5.1239,19.6581,9.5847,4.7667,192.3551,1
40.2972,14.4723,2.7614,0.4221,0.2572,-2.8033,6.1737,-4.3982,3.8253,215.661,0
83.7992,23.8374,3.0779,0.1812,0.1023,-4.9258,31.8469,-46.041,18.7614,114.7601,1
49.6243,11.7772,2.783,0.3162,0.1891,-19.4516,1.3246,-9.406,10.7741,224.6125,0
116.1408,43.0639,3.7965,0.1284,0.0761,47.4577,-92.9725,2.8412,14.884,354.9405,0
31.9013,18.2384,2.8579,0.2839,0.1587,95.1034,-6.7524,9.2218,40.6582,89.1816,0
30.2584,7.3929,2.782,0.3742,0.1967,58.1928,91.1043,-40.3277,15.7717,280.5419,0
305.324,79.2804,4.0525,0.0681,0.0406,-202.5115,-13.7814,-29.7503,17.8099,337.4211,1
18.1093,1.4378,2.2505,0.583,0.3324,11.5918,110.0554,-6.4467,28.3221,60.8377,1
64.4629,18.7931,3.346,0.405,0.2873,-48.6735,12.4603,28.6727,37.5701,285.666,1
12.8511,2.5254,2.0751,0.8565,0.6021,-135.4553,-102.1029,-11.4942,2.6431,157.2257,0
16.4013,6.7321,2.7,0.4627,0.2695,41.4056,37.0738,9.5363,12.414,121.5034,1
63.039,16.0311,2.675,0.4113,0.202,-80.5858,25.5821,-7.1031,27.0138,309.7501,0
132.6507,36.0884,4.1759,0.1311,0.074,-55.7196,66.7328,-10.402,5.3945,242.3123,0
158.9284,48.1135,3.415,0.1885,0.1039,38.8246,45.2595,14.3581,56.996,357.1068,1
39.7784,16.5956,3.0189,0.2446,0.131,96.6869,46.6164,-2.2519,8.3272,244.8761,0
33.1156,12.8316,2.5321,0.3489,0.1717,81.3024,90.1568,-25.2725,31.3235,93.9359,0
26.8491,14.695,2.5583,0.3906,0.1909,-61.7337,98.4291,9.9581,0.602,137.6792,0
55.6514,30.4824,2.7374,0.2833,0.187,-0.9595,-38.1872,12.2895,36.6139,162.5638,0
17.6732,6.922,2.4463,0.4624,0.2137,47.8417,39.6082,0.6491,57.2795,90.0619,0
116.6598,39.0263,3.3597,0.1673,0.1018,-16.892,-28.7268,-15.7353,13.6261,279.349,1
100.1921,54.3159,3.5972,0.0861,0.0386,30.0127,-73.1375,17.3569,40.6045,189.7642,0
31.862,24.884,3.1723,0.1915,0.1063,71.9843,-43.8812,-0.2304,0.3751,164.672,0
55.5045,43.9404,2.9509,0.3939,0.2335,-81.0534,-22.4292,-2.6405,39.8522,219.1967,1
10.9409,6.3495,2.1425,0.6777,0.3273,-66.8084,74.9525,-3.8133,3.2346,94.0395,0
12.4265,10.7576,2.7993,0.3762,0.2252,50.5974,82.1971,-27.4491,3.4489,84.8254,0
62.3203,19.1091,2.9265,0.4166,0.2463,-30.4302,-28.0911,26.6623,31.0267,227.0253,1
11.4727,8.2524,2.2768,0.5786,0.3185,-32.936,18.6611,7.2063,72.9589,83.5227,1
14.4157,4.6641,2.2666,0.6734,0.3976,57.6923,24.0643,-28.6221,55.429,173.2022,0
36.0975,29.1585,3.2945,0.2395,0.1135,-4.4415,66.0176,11.8731,35.6332,219.3032,0
48.6279,28.4719,2.8078,0.2179,0.129,-38.1209,-15.3394,9.5834,39.4223,153.6107,0
48.097,14.8925,2.6468,0.4565,0.2457,-29.3349,-87.8847,-5.6104,73.9815,104.1223,1
102.3324,34.2464,3.2326,0.1696,0.1139,47.3032,7.9688,-33.1948,1.5532,216.5072,0
133.3379,46.7044,3.9936,0.141,0.0849,-60.9703,-74.2741,1.3652,42.9858,195.8477,1
46.3856,36.008,2.4898,0.3814,0.1923,-86.7885,-62.9517,-5.535,73.3585,66.0699,1
28.7874,24.2175,2.8158,0.2463,0.1123,120.9261,114.8904,10.5411,15.2208,199.8662,0
73.0215,22.1894,2.9971,0.1643,0.0866,-1.5844,7.7131,-43.2829,48.4571,142.9893,1
24.6124,7.6125,2.3933,0.5962,0.3795,-90.7035,-60.1128,54.2755,71.2291,153.3637,1
64.7909,27.9118,2.5815,0.4283,0.2212,-17.0836,-114.8745,8.1256,82.83,184.695,0
12.0933,3.0683,2.1685,0.7287,0.4419,32.6346,-40.079,-15.6759,0.1277,138.7482,0
57.2329,33.7559,3.4145,0.1984,0.1157,-29.5427,38.2517,-8.924,5.225,197.2873,1
36.4543,9.3942,2.1838,0.7116,0.4657,-52.5133,-70.5119,45.1508,37.2763,253.7284,0
23.6061,14.7379,2.8527,0.27,0.1767,-77.6631,4.8354,-20.1317,1.0754,176.8428,0
23.3008,18.747,2.3653,0.487,0.2716,-35.1014,-37.7925,23.3957,19.318,140.229,0
17.3331,14.9514,2.8311,0.2633,0.145,20.7196,96.5704,14.109,2.3888,141.1883,0
90.7888,33.3429,3.7502,0.1036,0.0584,-58.8895,-90.15,58.3535,12.5145,288.6997,1
71.4612,22.5185,2.6247,0.3512,0.194,-22.2579,-43.8036,31.8416,19.86,86.8686,0
19.5643,8.1344,2.3599,0.4461,0.2428,-93.0017,36.5686,18.7605,30.5373,188.13,0
76.613,24.1648,3.0295,0.2725,0.1448,-66.0479,13.1296,19.6206,4.7831,248.8958,0
108.2842,35.5259,2.7323,0.2309,0.1201,59.5622,-105.6533,-3.8472,85.1698,104.0335,0
42.5156,22.3987,3.0583,0.3618,0.2006,49.2953,83.2509,-8.0309,3.5731,227.4703,0
108.2928,34.5068,2.849,0.2938,0.1778,29.0328,66.3987,17.1738,27.0662,268.8438,0
47.613,39.6053,2.978,0.2303,0.1143,8.3887,-18.7326,1.6414,54.8724,291.7757,1
26.7468,17.534,2.7602,0.3736,0.1836,-30.0028,8.984,45.718,29.0023,162.157,0
17.4983,19.8645,2.554,0.538,0.3111,53.8688,-0.3366,16.53,71.1481,117.4074,1
18.2403,7.5762,2.159,0.8197,0.4845,13.973,-24.8474,7.0776,46.7132,194.567,1
39.078,13.4445,2.5676,0.4199,0.253,3.6214,25.2378,4.0463,39.9537,95.3673,0
222.9383,81.8399,4.3371,0.0619,0.0369,-17.9035,5.7142,13.482,5.5834,311.5263,1
37.8408,15.0026,2.7743,0.303,0.1417,-3.486,5.9922,15.4086,43.1983,273.0398,1
90.9998,17.7223,2.6411,0.2449,0.1386,28.8807,-31.932,-2.3702,29.892,230.8906,0
25.7227,7.2088,2.4689,0.4292,0.2416,-3.1044,-43.6234,6.006,14.9777,66.7423,0
38.4364,25.2569,2.9328,0.351,0.1799,0.8411,-4.003,44.6751,5.2947,271.4142,0
29.3809,10.0714,2.3755,0.4306,0.2081,15.5898,18.7542,-5.4739,46.3064,127.2495,0
217.2325,48.1203,3.7915,0.0831,0.0473,-23.1246,-51.7438,-7.1922,36.1159,306.7584,0
45.3388,22.1736,2.6031,0.3034,0.143,106.9328,-2.1992,12.4103,58.8045,114.1176,0
33.096,22.1683,2.4912,0.4868,0.2363,-28.7032,-67.5389,7.7981,26.5154,101.0737,0
13.5418,5.7143,2.3563,0.6593,0.4426,-54.8711,47.8363,-25.6613,31.6719,164.7784,0
57.3104,35.0285,2.9428,0.261,0.1323,-94.8708,-111.7279,28.6885,33.9762,293.2452,1
15.33,2.6995,2.1254,0.8238,0.4907,-46.6661,-54.9402,14.1211,36.8854,216.2314,0
18.6672,5.4993,2.1827,0.6569,0.3761,-65.4449,-30.6025,-18.8536,23.6407,129.6362,0
74.2283,30.8949,2.8406,0.3374,0.1862,98.0197,58.6925,12.5695,27.1347,194.9031,0
38.2455,13.5362,2.7849,0.3554,0.1771,35.6374,38.2254,-7.6314,72.4774,108.4058,1
121.9107,36.7656,3.3162,0.2088,0.1252,13.7984,26.7014,10.752,6.4843,311.0491,1
111.6422,90.4166,4.0175,0.1017,0.0629,-17.7628,-85.7922,5.9525,10.1808,237.7672,1
74.8066,42.7805,3.2332,0.1929,0.1028,17.0203,22.4616,3.109,30.2521,148.7482,0
24.5238,19.2111,2.751,0.4259,0.1997,-14.2866,8.365,38.2704,44.4126,222.024,0
57.4717,32.7698,2.7858,0.3691,0.2033,-69.6408,-27.3422,-31.5071,24.0727,138.0796,0
161.637,69.9213,3.1777,0.1042,0.0481,-69.233,-23.1079,-6.1852,9.0898,162.1907,0
12.2321,15.043,2.2412,0.6634,0.4162,25.4946,29.4507,-28.1244,32.6026,47.6621,1
13.1474,7.5185,2.2358,0.8175,0.4983,-67.2074,-11.3925,32.9214,86.9853,82.8286,1
85.4716,20.3779,2.7938,0.2045,0.1484,22.0433,48.7424,-17.8477,0.3114,222.1181,0
55.6405,16.6436,2.8911,0.4895,0.2662,-160.4366,13.542,20.3361,20.6818,326.2453,0
40.2699,10.0557,2.5218,0.4849,0.2868,2.7808,0.9886,-9.7774,50.2294,186.7709,0
43.3486,26.5363,3.2281,0.2181,0.1091,-22.5283,-67.4443,-1.6201,54.2135,203.6975,1
37.5418,9.0439,2.3636,0.5397,0.3329,-109.3224,9.3158,-3.298,36.4007,194.9469,1
87.5825,22.1908,2.9404,0.3304,0.1744,-2.1083,-11.6116,-20.4864,4.1032,205.4525,0
35.4179,12.1352,2.5893,0.485,0.2827,-24.216,23.1629,6.4238,11.3935,116.4898,0
47.6662,19.4179,2.7547,0.2819,0.1739,-13.7563,-12.0972,18.9752,11.1162,199.7718,0
68.2641,60.4345,3.7896,0.1967,0.1217,-15.2287,-32.4739,29.6866,14.3436,217.1743,0
21.8887,8.5537,2.5097,0.5003,0.2451,67.263,-19.6072,-13.2707,43.1079,243.3449,0
136.1876,48.459,3.5478,0.1179,0.0654,6.8993,-24.5808,-3.1499,50.4639,233.3888,1
42.0305,35.4058,3.0764,0.3228,0.1464,-0.4676,28.508,22.1053,13.184,224.9227,0
26.6079,10.6806,2.7991,0.2222,0.1564,67.5538,112.483,-7.498,1.2985,250.5878,1
16.2344,6.0612,2.201,0.572,0.3601,112.3453,-45.7187,-31.2187,87.2104,73.9861,0
95.8103,28.436,3.4587,0.1419,0.0901,-6.0079,-27.7119,-14.7016,0.1556,373.3071,1
42.8879,21.2281,2.6078,0.5035,0.2534,-110.8154,-60.4898,31.1359,88.5567,172.7963,1
73.3387,23.0535,2.8854,0.1649,0.0966,-33.748,29.0272,12.4576,18.2459,81.6017,0
11.0513,9.5995,2.1361,0.7924,0.5041,60.5927,10.3423,-16.3403,73.908,80.0991,1
32.8695,2.9873,2.2788,0.6193,0.4053,81.1603,30.6146,12.3681,65.3123,138.7129,0
46.0332,31.6004,3.0683,0.2519,0.1437,-53.6827,107.2581,6.6674,41.3428,199.4613,1
27.369,11.2111,2.7954,0.4687,0.2508,-8.0801,42.8393,11.6549,8.5653,78.2324,0
132.1245,85.2212,3.746,0.157,0.0705,9.915,-31.956,4.4692,42.7205,213.2833,1
41.404,30.712,2.5793,0.31,0.1944,44.5194,101.4789,-2.1999,39.5417,152.2335,1
112.9003,47.4861,3.4452,0.2034,0.0899,71.009,62.4565,-18.3464,25.2938,186.9889,0
86.4901,59.5189,3.3319,0.2868,0.1078,-129.0708,-109.4629,5.8917,18.7739,313.789,1
27.106,17.1179,2.6509,0.4372,0.2695,107.7238,16.688,10.3071,78.9271,74.5031,0
11.8732,6.1814,2.2016,0.6542,0.3529,-47.4453,-14.0317,-14.2089,16.5446,81.8849,1
27.9686,12.9796,2.6044,0.446,0.2934,59.5926,9.1812,-7.4309,5.5878,154.6834,0
56.3674,29.1511,2.7037,0.3551,0.2259,31.6767,-62.7628,-9.0169,44.1372,154.152,1
69.8579,8.7409,2.7853,0.4755,0.312,-94.0671,-15.4609,0.3524,12.4109,207.0121,0
101.6703,39.1049,3.2564,0.2467,0.1579,22.5143,18.6743,21.4135,18.418,219.3809,0
19.8931,14.3398,2.8967,0.3149,0.179,-16.1277,-54.2675,-23.0294,16.9265,52.3291,0
35.9193,10.9562,2.7466,0.6367,0.4187,22.772,37.4687,37.3806,30.4098,108.3394,1
43.2226,12.2499,2.3072,0.484,0.2646,-14.8764,-55.8846,-21.3421,54.1609,222.6532,0
59.8406,21.5896,2.359,0.5072,0.2556,27.8463,-57.3097,17.8588,88.5959,137.8425,1
29.8296,19.9865,2.5861,0.4744,0.2389,11.6861,-10.9719,-4.7669,46.9082,241.5756,0
121.142,84.828,4.1589,0.0678,0.0434,-36.8964,50.8035,21.8844,1.3987,301.7812,0
38.0549,22.6627,2.6085,0.3989,0.2468,-50.8335,-25.3587,-14.5158,17.8157,255.9648,0
43.1197,14.2147,2.6149,0.5194,0.2876,-3.838,11.663,26.5523,0.8979,191.8334,0
11.4488,1.2367,2.0278,0.7424,0.4262,59.328,77.085,-34.7526,7.8906,77.8167,0
60.7739,34.5464,3.0742,0.2547,0.1395,-7.0655,0.056,-25.025,39.394,173.0175,1
207.4595,74.9042,3.7357,0.0715,0.0452,-128.7197,-25.1272,16.2432,0.1881,390.2041,0
153.8393,37.0824,3.8506,0.126,0.0673,-24.42,-30.3797,27.2471,2.6833,308.495,1
23.4458,23.6256,2.5891,0.4208,0.2128,-8.1574,-61.1014,9.6684,4.0991,193.4822,0
56.0625,36.2369,3.264,0.2043,0.1191,-83.2215,74.0748,3.7155,1.2343,221.9977,0
100.0607,54.0366,3.4987,0.2613,0.1522,-75.4921,-116.3346,9.7663,9.0044,352.4891,1
38.2276,34.1645,2.9154,0.2505,0.121,-10.2394,86.7875,-8.4293,39.6305,152.6266,1
23.0369,13.7114,2.4602,0.6026,0.3289,-93.0422,67.4735,-27.7446,30.0875,287.7535,0
39.9743,16.0448,2.4993,0.4704,0.2932,29.3898,17.2436,11.4112,76.3902,150.0219,0
18.5605,2.9993,2.5506,0.5314,0.3066,23.2325,-9.2701,0.2003,10.0336,227.8289,0
49.5669,18.9064,2.7834,0.3841,0.2053,18.7647,11.4496,4.7964,13.8937,194.8766,0
133.4376,38.0536,2.8624,0.1871,0.1063,-212.744,-39.2616,3.2133,84.2822,256.2178,1
25.1239,6.538,2.4807,0.4966,0.2858,-57.1702,59.5627,6.5189,0.0521,242.5439,0
57.5675,22.3838,3.0206,0.2183,0.1052,-1.6604,27.9621,-5.2534,34.1036,90.0529,0
55.3463,19.3969,2.7957,0.4646,0.2673,-3.9739,46.8123,-13.0946,1.4047,148.1912,1
62.433,24.1497,3.3311,0.154,0.0799,56.8803,-20.4263,-5.6884,0.3203,163.8307,0
18.5346,6.8987,2.2612,0.5384,0.3353,51.5497,47.57,-18.0877,21.2016,57.1952,0
67.3496,35.4473,3.2335,0.1458,0.084,3.8,7.6008,5.1428,3.8878,117.026,0
18.5884,7.7928,2.2103,0.6762,0.3736,5.6643,7.3129,7.7223,1.4801,165.6787,0
20.6548,6.4591,2.4694,0.4272,0.1994,83.2681,46.575,-33.2486,70.6031,27.9216,1
41.0875,33.4875,2.6873,0.3123,0.173,-14.5296,-13.218,42.7419,54.4436,153.5915,0
73.7413,34.6368,3.3435,0.2385,0.1054,-73.8908,33.0403,16.7588,65.2925,241.1477,1
68.7926,26.0826,3.333,0.2615,0.1546,0.8309,29.3149,8.5903,23.2627,117.297,0
50.6802,11.6888,2.8917,0.4465,0.2391,-46.6994,80.205,-3.8522,0.902,266.143,1
85.716,43.6381,3.2438,0.2262,0.1142,-42.7931,39.4274,26.2161,73.7536,298.2638,0
51.5898,14.423,2.8276,0.3425,0.1786,95.2787,-32.5188,-0.4094,4.5184,250.6499,0
126.0194,52.4945,3.8235,0.1414,0.0727,-69.3841,-29.9371,-10.7148,9.2493,159.7678,1
64.6606,21.8003,3.0697,0.2484,0.1271,-22.9574,-11.7385,-10.3402,0.0528,221.4221,0
37.6284,25.5184,2.8759,0.3191,0.1736,62.694,-10.4826,8.8917,3.229,63.1852,0
158.9528,57.5991,4.1335,0.1078,0.0588,-84.505,-19.3388,-9.466,0.7195,278.8077,0
65.8299,12.3797,2.7553,0.3005,0.1624,-29.3413,-19.9565,-22.7021,2.3452,249.8419,0
21.9176,5.3788,2.1828,0.6658,0.4233,-6.8334,-7.8403,-9.2583,54.1834,47.3692,0
32.3374,19.345,2.3839,0.4558,0.3027,-105.4465,-30.0205,-15.1473,0.806,271.0258,1
61.8577,20.005,2.6535,0.504,0.269,38.5185,-36.8396,-18.0904,68.3208,135.1111,0
22.329,11.0345,2.5887,0.4639,0.279,74.2965,31.9532,17.0968,14.3443,98.5135,0
39.3812,9.785,2.921,0.3105,0.1743,-1.1467,90.0309,-14.0095,0.4783,328.8268,0
12.0222,8.6046,2.4006,0.5744,0.3201,-67.6673,-63.2007,-18.1533,6.827,147.8601,0
50.9515,54.2488,3.6412,0.1819,0.0866,-17.1916,-24.5085,13.0694,6.0144,211.9952,0
40.1253,28.5086,2.7598,0.4947,0.2407,-13.8079,-80.6729,-11.8162,47.1572,160.49,1
18.6714,4.5151,2.0908,0.6525,0.3798,146.7688,179.7406,-11.6769,59.747,75.8834,1
98.4797,24.6444,3.2292,0.1625,0.086,-43.4889,35.0327,-20.9184,21.1833,285.0347,1
73.0633,21.5773,2.7192,0.3592,0.2318,-107.8529,4.7843,-4.2195,35.3244,259.6266,0
96.7741,25.8501,2.7094,0.264,0.1505,-54.9611,-101.0799,41.3053,60.6776,230.9679,1
90.4957,31.1452,3.5878,0.1076,0.0519,-50.0035,87.1461,-21.9063,0.6351,234.572,0
17.2361,12.7254,2.4813,0.6252,0.3336,-17.8719,-72.601,-7.6696,35.6906,150.2796,1
51.7192,29.3625,2.4872,0.3389,0.1985,-67.1848,-5.6421,4.4507,38.3504,198.5241,0
52.6935,23.7692,3.4856,0.1992,0.1033,-40.3622,75.649,-38.4901,18.8462,283.072,0
45.5609,22.5051,2.8401,0.271,0.1329,-33.2352,14.2485,2.4743,13.7401,226.5965,1
22.7848,36.9549,2.6091,0.4565,0.2646,-65.3733,-50.862,-11.9758,77.769,83.6064,1
71.5524,33.6847,3.444,0.1111,0.0544,93.2012,173.9972,-5.9637,0.6414,316.7557,0
105.5991,41.1877,3.5995,0.0995,0.0676,-60.4753,-95.1802,4.5936,60.662,269.0689,1
87.2124,47.7555,3.2577,0.1594,0.0858,-70.2149,-11.4287,32.218,0.3257,306.1191,0
56.6276,15.1204,2.8638,0.4013,0.2189,96.2018,46.4584,-23.2141,43.5504,123.9191,0
41.932,13.9087,2.8268,0.3772,0.2138,34.8177,26.9216,2.55,35.8103,139.5538,1
39.4607,21.0968,3.2162,0.2315,0.1382,-32.945,12.025,28.7704,0.4708,77.225,0
46.9612,53.1049,3.0794,0.3886,0.2256,29.658,-14.1773,41.1714,87.4291,165.7485,0
82.8073,46.162,2.8746,0.2066,0.1248,-21.4276,22.0827,0.739,19.7344,255.221,0
35.0777,19.5929,2.6382,0.5151,0.2615,8.8388,-2.1596,46.6286,78.1297,125.6733,0
57.3612,9.4351,2.814,0.374,0.2159,-78.5642,46.0743,24.6632,36.5629,271.0423,0
22.5096,10.3505,2.5254,0.488,0.295,-8.7812,38.2136,-2.6341,30.023,230.8514,0
87.9475,26.5545,2.9993,0.2596,0.1191,-149.4331,-26.0444,10.0616,63.6967,222.2997,1
39.6934,13.8613,2.4066,0.4136,0.2379,-3.4492,-41.9728,28.4211,43.6401,120.9483,0
57.3647,7.2854,2.597,0.433,0.2421,-26.1477,15.5235,-28.3721,26.9763,159.635,0
74.3144,20.6042,2.8392,0.4106,0.2434,9.0885,-42.4862,-2.9112,75.1068,176.1793,1
76.4422,29.6911,2.8322,0.2946,0.1523,-72.9262,-42.6624,24.4716,37.0681,244.4604,0
24.8975,9.9082,2.383,0.3643,0.1715,93.9024,-8.8002,-2.493,10.4644,130.7185,0
21.3569,10.9923,2.7225,0.4188,0.2198,58.7981,88.1694,23.6269,12.7421,168.0088,0
29.5685,6.4479,2.8647,0.2358,0.1523,78.6204,144.4518,15.392,9.2219,199.7125,0
81.2161,31.3394,3.048,0.2023,0.1258,-143.4651,44.5971,16.7669,2.2902,218.0183,0
21.3362,10.1984,2.7718,0.4394,0.2853,63.4537,63.6447,-22.6199,16.1915,105.7653,0
14.2727,5.6977,2.2676,0.7445,0.4095,-23.504,-37.2467,-33.7362,50.8331,182.4973,0
37.8095,11.9608,3.0185,0.2278,0.1516,7.0317,21.18,-18.1074,52.5473,142.3569,1
57.0081,15.9851,2.8131,0.3417,0.1975,-72.2317,24.8492,-18.0298,25.9353,140.4102,1
75.5891,34.5573,3.238,0.3864,0.2075,-17.5758,-74.1017,9.576,63.472,115.0356,1
46.3343,18.743,2.8645,0.3894,0.2173,-68.4656,-19.3219,23.7475,39.8262,243.0181,1
112.6382,55.7411,3.8372,0.0947,0.0411,-12.214,27.2208,2.9434,0.2783,262.3201,0
20.8927,9.5673,2.3489,0.4935,0.25,40.4102,72.0867,-35.7364,7.6583,160.5703,0
30.5254,16.624,2.5388,0.4973,0.2691,83.3641,-19.9726,-2.978,24.1586,178.5992,0
39.9452,48.5417,3.0153,0.2034,0.0985,-6.1569,-23.7841,5.8522,45.1241,149.6414,0
60.7046,17.1274,2.7873,0.3334,0.1763,-44.604,32.0103,18.4688,22.4917,223.0497,0
66.3988,22.2922,2.8228,0.2932,0.186,-11.047,-64.2708,18.8299,21.1272,217.057,0
47.4202,21.0749,3.5184,0.1596,0.0864,6.7296,108.6896,7.4944,0.5028,231.2301,0
38.578,10.1981,2.555,0.4584,0.2929,-87.8783,7.3001,-30.106,2.1085,213.5105,0
40.4294,30.9235,2.7517,0.4155,0.2249,-68.5276,-1.712,40.564,0.0825,201.4072,0
33.0179,26.0875,2.9991,0.361,0.1773,-54.0484,22.7975,-5.9138,0.0486,364.1932,0
20.1847,20.3801,2.8145,0.4394,0.2666,30.6966,1.8859,-21.9529,77.1954,46.0252,1
100.2993,22.2152,3.1966,0.2043,0.122,-75.5877,87.2361,12.0633,6.8688,197.3677,1
46.9326,45.4841,3.8197,0.1559,0.1041,-16.9148,-27.3524,4.899,3.1927,233.3551,1
16.1256,17.0511,2.2337,0.6538,0.3658,-54.8919,-56.8151,-26.0315,58.4213,179.2678,1
93.1179,33.4854,2.8393,0.3996,0.2578,-45.6357,-28.002,-8.6028,62.6288,215.648,1
12.2892,8.9179,2.3005,0.5825,0.3303,-42.0341,14.5286,6.6405,44.1213,131.7273,1
33.4673,16.5773,2.7694,0.3143,0.1837,19.8014,6.3472,17.7726,46.8495,89.4069,1
51.4063,25.9348,2.8119,0.45,0.2468,-57.2352,-4.6293,9.003,11.8752,157.2732,1
49.2064,14.4937,3.0834,0.318,0.1772,-25.6142,36.2366,1.7675,5.0599,250.5718,1
93.0116,55.8459,3.5078,0.1711,0.0891,-99.8631,-55.0357,38.3379,36.4112,261.5884,0
12.5938,5.1816,2.1576,0.7317,0.4285,36.625,14.7254,-13.0924,12.4555,230.6949,1
103.9048,52.4347,3.4097,0.2076,0.1061,67.4698,81.3971,21.5022,40.6119,340.2041,0
18.9263,13.2831,2.3296,0.6466,0.3517,-100.5166,-18.1528,-10.6578,40.7124,119.533,0
125.915,42.3231,3.0947,0.1898,0.0918,-45.231,-1.7351,15.4701,87.662,194.6975,1
71.4687,27.0631,2.9316,0.347,0.1636,-62.3933,-7.1685,26.0703,5.0447,328.8751,0
23.0642,21.7562,2.8745,0.4301,0.2346,22.9529,-47.2159,6.5519,61.9349,168.9904,0
104.053,37.9976,2.9605,0.4247,0.2335,-74.15,16.0978,-1.0604,20.8963,200.1187,1
47.7956,17.0206,2.8268,0.2249,0.1171,-36.066,26.0747,-16.3145,4.5205,151.4935,0
17.4971,4.3643,2.1894,0.5111,0.2399,-25.6267,44.1207,-13.8278,0.3588,316.0919,0
34.8831,49.9423,3.0755,0.1536,0.0816,-34.6676,21.0494,30.0516,53.8474,86.8637,0
142.2112,31.0597,3.3479,0.1546,0.0912,-21.9696,-84.1092,0.5775,48.464,124.727,1
31.2394,17.6278,2.2086,0.5977,0.313,2.947,24.1283,-6.8587,58.4813,129.6954,0
78.3054,23.4501,2.7841,0.3024,0.1511,-1.9791,-72.1329,-4.9157,70.0932,281.1147,0
48.1571,20.2187,3.2016,0.3006,0.2025,135.9111,3.8206,21.7414,25.3313,213.4459,1
15.1633,14.3707,2.8429,0.3477,0.1989,20.6338,61.5625,-20.9122,19.8154,134.5591,0
75.8924,26.8485,2.445,0.3723,0.196,15.9454,-57.3677,13.8469,65.5826,133.9839,1
80.3677,29.8171,2.6528,0.3251,0.1917,51.3944,89.3895,-12.5708,15.8076,205.158,0
15.3338,9.3082,2.4327,0.436,0.2348,104.2496,66.6443,-17.3171,86.5628,78.8724,0
53.2287,20.4216,2.9137,0.355,0.1964,50.1063,-31.766,10.341,24.554,93.6617,0
25.6698,40.951,3.0962,0.2379,0.1412,-21.6916,-128.0031,-18.2267,26.4643,77.5612,0
73.9358,50.614,3.1204,0.1457,0.076,-16.9691,-22.6823,-6.4825,49.7339,76.6127,1
19.3142,16.864,2.695,0.3059,0.1576,27.9362,85.5289,-7.6284,10.575,155.285,0
42.3708,25.7912,2.9783,0.2701,0.1658,-2.6934,-1.5449,-1.4663,30.2314,149.1635,1
117.073,65.108,3.9732,0.0803,0.0496,21.9646,65.3035,-5.1393,45.5081,323.3048,1
13.3623,4.4306,2.4274,0.5854,0.4182,94.5081,30.5201,-30.459,20.9965,84.646,0
21.5377,8.3941,2.9001,0.4006,0.1967,100.4611,66.2375,10.9485,0.2103,153.0453,0
61.681,8.6385,2.4924,0.447,0.2711,46.8425,97.6857,11.8303,5.0628,236.6578,0
28.0372,8.6584,2.2668,0.6833,0.3879,-1.1228,-59.7398,-5.3535,78.8119,59.7688,0
24.1887,7.1007,2.9153,0.3556,0.203,-25.7369,115.2396,1.9237,56.4775,136.2312,1
79.7384,48.274,3.4583,0.1306,0.0709,-72.7548,-41.3686,25.7315,62.4517,224.6394,1
16.0609,14.9932,2.6408,0.4496,0.2216,-36.3299,55.8255,-7.6376,8.5816,166.5348,0
14.7436,5.5365,2.502,0.5913,0.2977,-16.9036,16.17,1.5513,7.9469,287.0704,0
24.1602,23.8157,2.4983,0.5547,0.3077,-22.6289,-30.9545,37.061,62.3915,183.5853,0
128.5379,46.4227,4.5095,0.0824,0.0495,-130.3764,25.7345,14.2849,3.5787,216.0582,0
37.4254,19.9342,2.5891,0.4007,0.2316,-4.4373,-145.9046,10.1563,14.1168,182.6112,1
22.567,18.4208,2.7375,0.4166,0.2484,15.8298,75.6938,-34.4508,3.4177,159.2348,0
42.1722,23.6731,3.2889,0.3134,0.1713,-61.4085,-82.4221,5.2776,50.6,182.4058,0
36.2839,8.7309,2.8099,0.3514,0.1801,68.0971,168.9495,-12.3402,1.7614,137.1751,0
72.3901,21.417,2.8005,0.3485,0.2013,-20.0487,-27.3053,19.4502,53.174,307.7447,1
16.8547,18.9336,3.0022,0.3318,0.1766,-25.5915,16.0719,-12.0415,75.236,117.6495,0
14.1384,11.3456,2.1482,0.7097,0.46,-24.9973,-10.2187,-20.4095,68.0529,204.3799,0
50.2536,20.8654,2.6038,0.4394,0.2354,83.1821,92.9326,26.6064,51.849,92.0885,0
72.1901,43.7704,3.7759,0.1027,0.056,22.6794,-9.3443,2.506,24.8194,155.3788,0
69.8907,15.5381,2.773,0.3521,0.2163,2.9083,-90.0671,-32.8453,46.7553,148.5334,0
32.7955,22.8168,2.5706,0.4711,0.274,-5.9155,-15.663,-2.7937,9.0195,220.4213,0
14.4952,3.5198,2.0718,0.8377,0.5208,32.5265,-40.8244,4.6412,7.4943,168.2332,1
18.1723,4.3043,2.3164,0.6632,0.4009,33.9794,27.2497,9.7164,33.3572,276.8705,0
48.8295,7.878,2.6997,0.5574,0.2981,-31.0094,15.8074,-4.1549,10.1402,177.4653,0
20.1587,19.9597,2.4684,0.5696,0.3112,66.0672,-55.2959,14.7767,89.7509,204.4039,1
40.8161,20.0695,3.0207,0.2735,0.1735,-42.9543,-35.3579,3.3379,11.1464,260.1192,0
38.6683,18.4555,2.6055,0.393,0.254,-31.2017,-7.0494,-9.4786,32.821,133.5464,0
45.7605,40.4959,3.029,0.2852,0.1673,-135.0508,-35.6076,1.2091,22.0655,242.7907,0
73.7787,54.367,2.8518,0.2226,0.0773,-45.9482,-74.6324,36.4864,73.8008,212.7696,1
50.246,17.939,3.1666,0.3167,0.2062,58.9012,107.1464,21.6733,15.9165,257.7977,0
54.7831,38.2587,3.1786,0.1437,0.0701,-111.8714,-51.6036,32.8486,0.6791,216.9226,0
109.0628,15.6713,2.7705,0.3463,0.15,29.0301,52.4528,1.462,5.6466,200.5608,0
114.8766,17.9022,3.0732,0.3327,0.1939,102.3823,92.6614,-14.0602,5.7087,233.0313,0
14.3408,4.5779,2.2065,0.5972,0.2964,95.3618,52.5935,29.256,87.4522,16.9326,0
45.0889,34.5372,3.3059,0.2511,0.1451,-24.8539,35.9036,-13.3457,29.7681,196.4647,0
39.561,17.1324,2.8292,0.3663,0.2377,-2.2783,41.1897,-22.5183,14.5616,136.9439,0
61.5634,25.0513,2.4797,0.3183,0.1578,-98.184,-11.9946,-10.6814,2.8541,201.8343,0
38.5516,21.6541,2.4335,0.4363,0.2141,-56.1319,-68.5482,-12.3591,43.2667,194.8706,0
40.3058,25.2313,3.3116,0.1288,0.0675,18.3388,11.0064,-7.9467,0.1314,191.3335,0
47.7285,15.967,2.9499,0.3755,0.1732,8.7808,18.3938,-25.1304,0.2702,228.9759,0
33.3786,26.2726,2.7956,0.2988,0.1492,12.4484,18.7879,-38.1484,23.0045,99.8111,0
19.4262,7.9787,2.5525,0.2666,0.1372,15.3949,4.9534,-5.9641,0.0645,89.99,0
36.0607,14.6015,3.0659,0.3246,0.162,55.0802,13.1407,7.5251,79.4501,255.6096,1
66.2778,17.8555,2.8092,0.2499,0.1089,-47.565,-12.352,5.0917,45.686,305.3643,1
51.3156,15.8785,2.8981,0.3738,0.2158,55.089,35.9704,-1.688,12.2892,155.7526,1
43.7058,34.176,3.605,0.167,0.1026,-14.0839,8.7066,-42.6033,2.6571,165.5254,1
79.1387,19.6704,2.9314,0.3778,0.1938,-59.3267,-33.8728,-9.3469,65.4263,197.1271,1
39.1921,27.1471,3.0334,0.312,0.193,-14.0692,90.9214,-1.2603,31.2315,109.9504,0
32.2074,12.6752,2.7546,0.2556,0.1299,89.489,75.2711,7.4145,0.6525,97.3774,0
33.7005,17.6944,2.8614,0.3213,0.2059,-65.9111,-6.0772,-5.7769,0.0483,312.3988,0
119.0868,30.8764,3.2317,0.1796,0.1217,-63.1209,29.2691,59.1235,62.3094,233.6779,1
81.2739,31.5242,2.7518,0.4128,0.2341,13.5136,-63.8461,-10.223,74.9223,353.8259,1
17.0142,13.7351,2.4278,0.6044,0.3511,68.6326,69.1912,19.2756,48.649,181.0231,1
16.2071,6.1095,2.2438,0.7606,0.4877,22.3348,15.8575,23.1429,26.1796,90.567,0
125.9339,57.3336,3.8515,0.0997,0.0582,-135.9134,-52.6836,-5.9341,2.1273,340.8984,1
12.478,5.7995,2.3768,0.6463,0.3628,86.7343,34.2483,-15.8699,23.4539,145.9899,0
12.2978,4.6063,2.4111,0.6187,0.3169,64.4753,-9.5321,-32.3065,4.3593,125.4565,0
52.2388,12.1412,2.5292,0.4977,0.2768,0.2941,3.0432,22.5111,28.4848,217.1361,1
31.4222,10.3404,2.5425,0.5348,0.3435,112.8041,51.8432,-3.1888,25.4504,180.4617,0
26.7482,13.3839,2.7309,0.4534,0.2209,69.8135,69.1033,-21.9244,61.6502,102.9017,0
23.5481,14.6747,2.6638,0.4589,0.2832,26.1595,13.2676,-17.1743,17.2388,156.9201,1
100.5819,37.6561,3.6215,0.1373,0.1025,39.966,55.2909,13.7399,0.8483,270.5954,1
81.5053,38.8731,3.1541,0.202,0.111,-82.3451,-20.8161,35.9703,35.9842,356.1145,1
62.303,37.8936,3.2115,0.328,0.1856,19.1634,2.1865,22.4906,6.82,139.7529,1
86.6346,33.2738,3.4385,0.1693,0.1132,-85.9168,-32.7615,1.2941,5.2004,179.6701,0
40.9741,7.6324,2.5738,0.525,0.2723,22.4772,39.7588,15.7129,69.7875,264.1557,1
74.3592,27.2523,3.0187,0.181,0.1117,-59.2785,75.0649,31.9866,0.2548,294.5501,0
35.1684,20.4519,2.7943,0.2828,0.1518,-26.8811,58.1581,-0.2552,1.1197,255.0661,0
44.9563,22.0172,2.7076,0.3916,0.2149,-40.0114,-34.9489,-16.2818,51.7958,227.0971,0
17.7466,13.9945,2.2087,0.5212,0.3231,-15.2734,-34.8302,13.5964,9.5828,120.8821,0
50.3623,19.6434,2.8286,0.419,0.2331,-111.4133,44.4384,14.4512,0.1998,250.1219,0
40.4321,8.5064,2.5853,0.4332,0.2509,23.4506,59.0683,13.842,0.362,277.2596,0
33.4812,38.0119,3.4648,0.1985,0.1165,23.6861,51.2886,-10.7661,4.6139,124.256,0
32.3144,21.1579,2.5975,0.5185,0.3306,62.9889,9.5838,30.7314,9.2963,157.0109,0
66.7513,16.6757,2.8575,0.3762,0.1782,29.3659,75.4327,24.3969,0.6444,269.8931,0
33.6561,16.9991,2.5455,0.4607,0.2745,26.6188,4.3125,-8.27,22.5995,176.5902,0
66.6012,48.5124,2.8505,0.2917,0.174,-54.0113,-50.1378,23.7473,2.9783,194.5978,1
12.7128,2.1907,2.3836,0.6357,0.3408,31.8907,27.707,-18.6312,54.5296,149.9694,0
13.3224,11.0666,2.415,0.6041,0.4038,-25.1734,-30.914,-12.2492,83.0129,96.925,1
44.9303,30.6684,2.842,0.1987,0.1219,56.1267,-57.4034,8.1338,67.0428,175.4794,1
27.8493,9.7561,2.4552,0.607,0.4001,-51.5175,-24.0051,12.0405,35.3392,273.1524,1
49.5933,43.4084,2.636,0.3715,0.1803,-52.7288,-92.5871,31.3947,89.5675,116.3817,1
66.3018,28.5076,3.2776,0.2141,0.118,11.8011,-41.4992,-8.4341,35.9021,179.2983,1
74.8237,27.3939,3.3134,0.2123,0.0898,102.7284,26.1457,-18.7483,18.1257,287.1471,0
24.4216,12.1201,2.4154,0.4563,0.2832,-39.4569,-12.5663,-4.7323,7.0727,270.4296,0
34.5831,25.9655,2.971,0.2838,0.14,-56.0213,21.6505,5.2416,0.4913,285.1886,0
97.0573,33.415,3.8422,0.1314,0.0841,37.1309,10.2824,-8.6086,21.6542,121.8051,1
45.2014,16.366,3.0722,0.3688,0.2324,27.2017,65.7255,-12.5042,0.1083,293.9926,0
25.6831,12.5421,2.6869,0.4162,0.2356,54.9022,-21.4937,-9.8253,57.1737,156.2481,0
87.4564,40.431,2.9619,0.2192,0.093,45.5786,-51.2014,2.2856,34.1713,91.4798,0
86.2667,54.1485,3.2341,0.0933,0.0767,-136.1981,1.0842,49.0779,18.3331,103.1733,0
66.9606,5.6826,2.3644,0.5256,0.2853,-56.9688,-60.6968,0.6258,10.226,143.7914,0
26.2554,9.7219,2.2448,0.6255,0.3674,40.8823,60.4394,42.173,36.7236,245.9269,0
47.0326,9.604,2.7548,0.4276,0.2131,25.1413,100.9812,29.3622,7.7764,113.3025,0
20.1911,11.9761,2.6442,0.5396,0.3162,22.674,11.8263,10.0505,31.5837,109.1308,0
31.125,4.6767,2.8704,0.3174,0.1816,82.0372,126.2572,-13.3158,21.6013,142.4363,0
49.4546,20.4233,3.0388,0.2102,0.1211,-70.9599,-32.1585,-48.1553,18.7262,110.0282,1
50.199,10.2268,2.4086,0.4974,0.2873,4.3196,104.6682,-34.6176,45.694,249.5609,0
44.5542,19.0721,2.6312,0.5045,0.295,103.2002,-36.1781,18.3624,0.6952,117.4059,0
30.3425,17.488,2.6416,0.5109,0.3104,-4.9293,-46.2635,-11.1412,17.9421,289.8894,0
115.4105,22.3034,3.9303,0.1438,0.0988,27.4263,66.5361,-4.5678,0.0487,336.743,0
64.0122,19.2633,3.1941,0.1695,0.1024,24.3951,71.8578,-0.0969,23.9875,239.335,0
33.416,8.8044,2.5681,0.5226,0.29,66.4808,-4.9097,-10.7052,21.0375,165.1055,0
44.4048,10.7523,2.4055,0.5284,0.2967,-49.0019,42.46,22.6683,31.4197,262.9154,0
46.7246,20.8407,3.3009,0.2346,0.111,48.8454,78.3124,-16.5585,41.5452,223.2955,1
74.2014,24.5331,2.5965,0.4138,0.2399,-12.3762,44.3723,-9.9162,9.0049,276.1976,0
62.2813,22.0243,3.1363,0.3191,0.1544,-54.0348,-22.512,-18.4447,6.1798,197.6137,0
138.8549,42.8188,4.0054,0.2271,0.1297,-46.8714,29.2848,-8.7999,13.6308,395.0786,0
38.8382,8.5826,2.5979,0.3373,0.2039,-22.04,79.1162,-12.9245,20.298,266.394,0
73.939,33.0441,3.8257,0.1791,0.1011,-84.1525,-42.5061,-15.1042,8.5723,273.6941,1
41.5192,28.0481,2.7932,0.3217,0.1604,78.3353,-0.9341,46.762,41.2151,248.1657,1
45.5989,11.1765,2.5763,0.5001,0.3054,11.4699,63.7193,-30.5195,11.4344,217.3342,0
10.9225,4.7491,2.1865,0.5894,0.3471,-46.656,50.9417,4.7933,3.2565,22.4255,0
26.3464,5.8626,2.446,0.4423,0.2349,20.5301,44.1045,-7.7125,5.8612,143.1019,0
148.4179,58.3278,3.6668,0.2465,0.1343,-72.9235,-4.6501,4.42,31.7657,291.7797,0
24.8464,17.4046,2.7692,0.4835,0.2727,-27.8803,57.2332,-26.9052,0.499,112.3349,0
38.083,25.5184,3.5816,0.1253,0.0854,21.3458,123.6653,-24.7263,3.3665,267.4228,0
92.758,35.497,3.7535,0.1659,0.0822,47.1977,13.4363,28.1608,1.0222,321.9123,0
13.7248,7.1605,2.2523,0.6307,0.3516,44.2496,59.2199,14.3118,14.5275,118.6491,0
79.4839,30.5055,3.5467,0.1206,0.059,-16.0877,39.757,34.8659,14.3588,218.7637,1
46.2362,20.3059,2.9558,0.2174,0.1183,23.4288,39.5096,4.0192,0.3738,288.6343,0
29.6948,9.5443,2.5031,0.4324,0.2365,-60.8877,44.5253,-2.431,51.0501,222.7294,0
56.6821,19.0356,3.2716,0.2883,0.1294,1.6343,-22.2241,-6.4024,1.695,276.5652,1
26.5122,7.7152,2.4704,0.4311,0.2173,46.8151,154.8353,-29.7284,0.5652,174.1135,0
152.1111,38.8188,3.51,0.1201,0.0674,-19.11,-6.0574,32.683,36.661,148.5315,1
21.2909,11.1817,2.5836,0.5044,0.2907,5.856,31.4425,14.3065,65.5416,133.5126,1
58.1552,12.3845,3.1196,0.2541,0.14,-47.0075,-41.4583,-9.1201,0.4065,337.6029,0
144.1153,37.6001,3.3316,0.1502,0.0848,-55.8649,-55.8256,39.2975,23.0975,309.5905,0
20.3446,10.4501,2.3352,0.5586,0.3477,-27.8404,-20.3258,16.294,61.0249,54.8829,0
51.6159,12.6287,2.7163,0.441,0.279,28.0969,33.0291,22.6234,0.8631,222.7823,0
67.8929,30.7278,2.9867,0.277,0.1452,-8.9662,-55.9475,16.9654,56.0903,186.0393,1
64.2029,24.8495,3.0213,0.2099,0.1071,-88.4698,9.6715,37.5267,31.7798,309.8655,1
151.2612,32.5585,3.5956,0.1753,0.1077,-24.834,-12.879,-25.4094,18.3646,219.6984,1
31.0698,19.4385,3.3047,0.2126,0.1119,-83.5778,68.9017,-8.4607,10.2827,111.5329,0
46.3141,13.5114,3.0226,0.2256,0.1116,8.9826,72.9754,-12.24,0.0704,275.8053,0
69.2886,19.1591,3.1535,0.3223,0.2185,-80.6352,8.2903,6.0069,32.3134,137.8959,1
17.7591,7.213,2.3943,0.5701,0.3391,-31.3563,119.7107,-14.303,3.9286,175.665,0
29.3962,8.3403,2.3714,0.4468,0.2307,68.8286,52.682,-7.9864,6.0238,97.6648,0
22.0629,15.3583,2.7487,0.3553,0.1704,22.7434,134.9127,9.1744,8.6768,110.0231,0
73.701,18.6507,3.2353,0.1688,0.105,36.8149,122.8087,44.759,16.06,122.1611,0
17.8767,18.4682,2.4495,0.3848,0.1864,-15.8014,-20.4103,20.7973,3.4751,213.9269,0
54.2082,32.1804,2.9326,0.271,0.1464,-31.3972,-8.4562,14.1083,46.3409,192.8899,1
45.1817,16.7588,2.2883,0.4422,0.2499,-39.9116,-27.8717,24.7712,46.0495,194.3709,1
43.3735,25.888,2.4283,0.4383,0.2609,-68.6485,-87.4999,7.7192,7.4512,205.759,0
20.9384,5.0543,2.4703,0.5471,0.3271,23.5309,115.907,-29.3949,20.7333,144.6536,1
42.9027,16.6532,2.9903,0.3469,0.1805,58.5665,3.7313,25.1135,81.3294,239.3706,0
36.648,15.3642,2.968,0.3259,0.1904,-91.9041,-20.0429,-6.098,3.9753,214.5303,1
68.9807,42.5146,3.1889,0.2908,0.1309,14.8877,-29.6059,-21.0014,12.0575,63.27,0
33.5555,21.0393,2.8568,0.3635,0.2268,-94.5023,-8.3903,18.495,5.8171,143.0328,1
158.2861,42.1203,3.4445,0.2066,0.134,-0.3931,-32.5635,12.3194,20.6232,271.2439,0
48.5584,17.6105,3.0067,0.3595,0.2125,60.0343,75.9831,17.0672,18.0696,144.2965,0
11.3114,9.2532,2.253,0.5398,0.3308,44.389,-21.804,-13.2908,30.2691,127.0291,0
113.4957,27.3791,3.1032,0.1857,0.0884,-7.483,44.2525,-15.2817,0.0878,317.5075,0
53.8496,27.7787,2.446,0.2591,0.1503,-27.7291,15.4992,30.9746,36.8885,172.1547,1
92.1351,33.5241,3.3988,0.2237,0.1261,-12.299,28.6044,33.2131,75.7339,141.4708,1
23.2238,15.2379,2.2619,0.4969,0.2335,36.9155,-51.8007,-9.4156,70.159,91.9913,0
69.5849,44.2582,3.6123,0.1243,0.0796,-76.5369,51.2629,27.1786,20.0385,323.7866,0
73.0854,50.1769,3.4185,0.1006,0.0578,-71.6045,-48.5644,-16.3842,8.6783,158.3881,0
112.6972,30.7785,3.636,0.144,0.0771,13.3284,24.3161,18.9614,46.2152,238.2358,1
30.0922,23.5182,3.0319,0.2606,0.1244,-32.1509,28.733,-30.1084,13.8282,177.2639,1
54.5345,15.1583,2.8536,0.3344,0.2183,-58.8349,-68.5207,-9.1416,0.0783,275.7996,0
74.1658,29.5597,3.3131,0.1768,0.0786,-28.4654,51.7396,-10.9119,1.228,299.8046,1
12.8243,6.0849,2.3972,0.524,0.3511,33.7357,25.0335,-14.2852,45.1799,222.8041,0
21.6387,9.9277,2.3566,0.5633,0.2674,45.1073,-31.4948,-4.4428,23.0261,174.3013,0
48.1362,30.81,2.5993,0.4785,0.2667,-59.4412,15.933,5.5214,80.481,156.3394,0
19.882,7.7884,2.3999,0.4947,0.2808,-17.3583,27.2819,-6.2897,18.9321,261.2957,1
20.4463,7.4494,2.6546,0.588,0.3716,8.5594,20.4944,-1.3148,2.1939,155.8215,0
76.293,30.1601,2.9436,0.1872,0.0892,-71.6603,-40.7843,5.549,13.3539,276.5609,0
119.3072,22.2694,3.1419,0.1986,0.1275,0.813,-12.449,-9.6536,56.4596,231.5327,0
24.3933,4.6755,2.1724,0.6696,0.4162,17.4851,-13.141,-33.1094,7.7735,163.7056,0
75.6386,24.2728,2.7335,0.2491,0.1544,-33.7946,-18.6784,18.9419,43.2784,316.2485,0
42.0523,16.8729,2.7193,0.3163,0.1749,116.8748,20.3925,-18.663,31.6868,59.0547,0
41.618,13.9956,2.7228,0.4334,0.2352,40.4184,20.8842,9.1776,0.0822,233.3258,0
34.189,23.6975,2.9741,0.2549,0.1068,94.1079,15.2514,-3.7592,21.1432,252.7614,0
19.0305,5.8675,2.0736,0.7702,0.4675,-45.3061,-36.1663,-27.1784,44.5965,161.9151,0
147.9733,50.5098,3.7626,0.1142,0.0536,49.823,29.2968,-13.2414,4.943,318.5987,1
35.7905,19.602,2.6359,0.3575,0.2066,6.9398,51.2683,-5.1181,6.4171,151.3171,0
19.6005,13.7012,2.2072,0.7648,0.4641,53.1965,-38.0329,-24.801,83.0698,84.959,1
66.049,8.9807,2.48,0.4641,0.2396,0.2099,6.9991,23.0702,9.9398,284.7622,0
12.6379,4.0468,2.1301,0.5797,0.36,18.5388,28.7481,31.1446,6.1319,195.2939,0
115.8923,25.417,2.8197,0.2108,0.1249,-109.6374,57.2749,-22.0685,22.3864,244.0929,1
52.2773,40.5353,3.1628,0.2559,0.1534,-20.7611,-6.9407,46.2581,23.5976,81.2221,0
19.574,7.6975,2.266,0.4744,0.2905,81.7719,71.1963,-15.2541,14.4984,142.6879,0
31.6778,9.0701,2.5094,0.4208,0.2308,-24.3328,33.277,6.87,0.2525,240.1147,0
20.8077,17.9459,2.9861,0.3912,0.1834,38.0769,-13.3881,-6.3594,12.8249,142.2391,0
25.5543,16.7517,2.4648,0.4584,0.2195,-26.6795,-28.2527,11.6389,4.1992,184.729,0
103.8049,30.7163,2.9497,0.3348,0.1389,-5.6811,-11.4209,12.5086,0.4905,382.3078,0
14.3624,5.2018,2.2162,0.7026,0.3922,75.4339,43.5238,20.0463,46.464,119.8134,1
49.7441,10.4241,2.7078,0.4113,0.2333,46.6711,-36.3447,13.466,67.5737,92.6052,1
51.0991,24.7038,3.211,0.2531,0.1303,-19.355,19.6192,-28.1611,2.6827,277.7293,0
42.1419,20.7981,2.6391,0.3236,0.1708,9.2984,42.4399,1.5827,29.1199,94.1294,0
118.5998,21.6783,2.8208,0.1814,0.1139,-37.6247,23.2189,13.3306,0.7056,243.9552,0
210.339,35.2149,3.6063,0.1136,0.0651,43.678,-34.2947,2.5504,11.133,303.6067,1
30.1466,25.3589,2.4671,0.3523,0.1795,3.9398,-49.2185,3.3527,70.3719,154.1035,1
39.987,55.4283,2.8888,0.1596,0.0759,10.0961,65.4524,-14.0902,69.1566,205.7005,1
86.1725,12.2918,2.7506,0.4845,0.3364,-122.8927,-25.8149,-14.8666,84.6043,270.5002,1
28.74,10.1219,2.2282,0.5898,0.2799,38.6933,-75.356,-29.617,57.0552,135.138,0
43.7404,16.7342,2.6726,0.2718,0.1553,88.1829,120.9532,9.1446,24.4282,171.84,1
23.873,20.5976,2.8035,0.252,0.1683,-20.3134,-3.7337,20.0922,28.682,110.682,0
22.0024,3.5449,2.3734,0.432,0.2091,89.2813,27.8228,8.7086,27.4757,80.8571,0
68.6168,21.7772,3.3725,0.3426,0.2135,-103.9422,-3.4118,19.7746,25.429,230.057,1
10.2237,1.7765,2.2883,0.6801,0.3697,63.6383,4.5731,-4.8735,69.4759,63.4009,0
20.2869,15.6645,2.5017,0.5232,0.3535,64.5469,88.7288,-13.3742,17.7245,269.8231,0
32.2227,13.7986,2.6835,0.2838,0.1406,77.4847,12.5724,13.6661,25.4924,73.1663,0
26.6807,8.4914,2.954,0.4822,0.2904,59.6794,167.6073,11.7323,1.2726,201.8767,1
111.2444,29.559,3.9444,0.1848,0.1098,71.0401,70.6314,-1.0413,0.3673,307.8358,1
56.639,49.3651,3.6521,0.1623,0.0775,-11.7204,70.7053,-10.8853,31.9283,253.2003,0
37.708,20.5063,2.5073,0.4051,0.238,-96.0005,-72.8397,64.6943,81.8289,216.341,1
56.7948,30.0373,2.8987,0.3598,0.1874,-126.0327,-18.0384,-1.0335,34.4599,182.7746,1
105.6864,24.8261,3.2324,0.2075,0.1073,-83.0339,44.8998,38.802,16.1546,268.3814,0
63.3519,14.9554,2.5275,0.4651,0.2984,-49.0591,-50.7815,13.7947,79.0125,192.2731,1
53.5953,32.6535,2.8019,0.3097,0.1625,-16.3038,-24.0301,5.5785,13.2502,173.6028,0
80.6014,33.7102,2.7632,0.2696,0.1384,4.2143,30.8248,-10.2566,42.1982,278.1074,1
12.4831,10.2945,2.2754,0.6328,0.4373,17.9112,84.016,-10.2645,3.7811,6.6852,0
36.3588,14.017,2.5488,0.5229,0.2928,1.6474,-24.8243,7.9768,2.1102,160.8053,1
23.927,10.626,2.3014,0.4805,0.2726,58.6256,85.7129,11.9189,26.2431,64.5984,0
10.3107,0.8276,2.0345,0.8565,0.6065,29.9989,5.0456,-3.3107,54.053,25.2404,1
167.3373,81.7062,4.1307,0.0843,0.0431,-86.4603,-32.2353,-1.8144,0.0687,306.6693,1
121.6188,39.5629,3.9443,0.0868,0.0442,25.7134,46.3607,14.8184,0.2755,210.1697,1
54.6448,21.9174,2.6747,0.2584,0.1285,68.8786,76.0271,-15.2196,0.2041,201.1066,0
12.606,3.7419,2.0665,0.8186,0.5025,69.4424,64.6996,-11.0663,42.7787,180.1075,0
100.8371,43.6351,3.1794,0.2473,0.1149,-54.725,-15.2749,-1.6169,20.6259,296.9469,1
28.2608,19.3893,2.8869,0.2558,0.1652,99.0348,94.7517,-13.367,72.4498,119.8096,0
55.6205,22.0425,3.1288,0.1963,0.1041,-12.3495,-36.1028,30.1408,0.6799,163.9475,0
23.9671,20.4128,2.7348,0.3281,0.1627,-48.0626,-23.4845,37.7841,23.3995,320.2952,0
27.2541,22.4952,2.7607,0.3233,0.1645,78.1523,8.6278,-3.4228,73.0155,73.8125,1
76.5916,13.5124,2.8045,0.4292,0.2443,-28.9904,26.8656,-4.9025,43.5655,267.0078,1
22.9841,19.1269,2.5163,0.4199,0.2401,-15.0835,-13.9709,-23.5311,32.2069,25.8279,0
23.744,8.875,2.3641,0.5534,0.3697,-86.0629,-31.1749,28.1428,78.9385,233.358,0
52.1568,19.4079,2.9036,0.3535,0.2315,-26.4442,-35.4148,20.415,4.5642,339.883,0
43.4514,20.0069,2.9424,0.4478,0.294,8.837,34.6289,-18.1082,77.6653,57.8833,0
34.6446,15.4237,2.437,0.4473,0.2656,-91.9651,-70.2701,11.8876,56.1551,73.8436,0
67.0233,42.3587,2.8698,0.2718,0.1433,-34.4551,-53.4929,9.6528,59.3493,124.6547,0
72.1646,28.8288,3.2017,0.2078,0.1324,-38.9947,-14.5031,8.037,3.3965,249.2718,0
23.8802,14.8007,2.786,0.3409,0.1847,-31.0989,29.5268,-4.6328,13.6234,190.4697,0
29.2153,11.026,2.9938,0.3387,0.1635,58.2292,39.6921,-13.488,0.7978,172.0625,0
159.5301,35.6883,3.4954,0.1521,0.0854,-23.3759,-45.3616,-28.1188,7.757,370.2393,0
38.1491,15.8773,2.4117,0.6294,0.3959,-17.6881,-36.8387,29.0722,73.0848,198.1487,1
73.5219,28.4551,3.1647,0.3893,0.1921,-82.2262,45.3968,21.1175,65.3021,236.4858,1
32.3942,10.2103,2.3258,0.6337,0.3397,-20.0048,-15.7519,10.8786,45.885,116.7741,0
59.1732,37.1705,3.1261,0.226,0.1157,26.2903,-36.2188,-23.023,11.8502,82.5228,1
146.4691,21.0399,3.0141,0.3488,0.1815,16.099,39.7758,8.9598,56.2356,310.7008,1
44.4755,4.3599,2.3784,0.6628,0.3784,45.7029,45.2908,-3.936,7.688,296.8518,0
39.9655,14.9122,3.1259,0.271,0.1635,38.2205,10.9042,-25.7082,18.4853,141.8968,1
22.5703,11.1572,2.5516,0.4472,0.2822,-47.43,37.7943,39.9468,2.6779,243.2744,0
130.393,27.7421,2.8091,0.238,0.1176,6.6169,-110.3738,-21.8888,19.1093,299.1072,0
93.8535,39.2972,3.5006,0.2785,0.1119,25.2916,-0.8012,-18.174,2.2089,230.719,1
224.6554,38.6879,3.8198,0.1135,0.0701,-56.2302,25.0607,37.43,4.3211,364.6803,0
55.6662,18.8278,3.0205,0.3592,0.2383,-21.2985,59.0338,17.5398,34.163,191.7511,1
16.948,9.1338,2.4526,0.4802,0.2274,-15.1256,-34.0754,-16.8566,35.1829,158.533,0
46.5327,33.4589,2.8284,0.2563,0.1328,23.0157,61.1135,7.5109,43.7746,282.4452,0
115.9085,31.8745,3.3403,0.2403,0.1183,-51.601,-70.7978,-6.4193,10.4189,313.2106,0
62.393,18.5757,2.6421,0.3921,0.1725,-17.6161,-3.1353,1.0329,82.6461,166.7374,1
25.1178,16.6112,2.7374,0.3417,0.1916,-60.809,17.9747,15.873,3.4902,100.6949,0
17.5606,3.7315,2.2061,0.6249,0.3344,76.2587,47.9837,-20.5598,0.27,273.9017,0
21.3783,15.1598,2.3466,0.4845,0.2339,47.3173,8.5084,41.0472,89.6751,46.8863,1
15.6565,22.9414,3.1174,0.3359,0.1885,3.2639,37.2475,15.7029,0.2301,354.7954,0
78.032,29.4228,2.9402,0.3118,0.1847,-53.2609,-18.0449,49.2656,57.5561,209.2813,1
23.6682,10.8303,2.3319,0.4594,0.2154,17.8884,30.672,-2.6801,5.0804,164.4804,0
41.8877,21.6451,3.1355,0.2705,0.1722,-56.939,60.4621,-23.3233,5.711,281.8013,0
53.5652,15.8086,2.5325,0.4708,0.2526,-28.2179,51.058,-7.7624,1.6706,178.8746,0
68.8189,28.3825,3.0819,0.3207,0.2305,47.3722,16.4174,3.1729,2.0141,327.0,0
74.808,30.7612,3.4458,0.2493,0.1145,2.1318,51.564,18.0895,46.5046,255.4157,0
33.0012,16.9788,2.7082,0.4661,0.2561,-42.0054,3.2914,12.3988,8.3133,283.485,0
27.7103,19.903,2.6364,0.4383,0.2294,40.6283,34.3237,1.8461,46.9037,191.6875,1
21.8159,8.2502,2.4493,0.5761,0.3099,-70.4911,-35.0409,10.1914,88.4362,95.6826,0
53.6691,31.578,2.8353,0.263,0.1404,-32.8179,-47.4899,4.9166,15.2584,255.2669,0
33.5659,11.1412,2.5512,0.4309,0.2215,49.0799,-57.2877,-11.2787,24.1749,142.7551,1
27.355,22.2731,3.0419,0.369,0.2087,-14.0376,31.3351,-17.6557,68.8977,102.9243,1
29.4128,28.9131,2.8938,0.3011,0.155,41.2067,-31.6249,-23.8694,70.499,92.4087,0
32.4643,22.7107,3.2195,0.285,0.1806,10.2436,-32.6363,-3.1424,35.7685,128.3321,0
46.999,26.6172,2.5316,0.3387,0.2446,-6.5756,26.4486,19.5467,38.7887,239.2763,1
26.2159,17.2791,2.3187,0.4729,0.2907,5.2164,51.5655,58.4541,44.0892,181.8866,1
119.506,38.4816,2.9924,0.2104,0.0978,-69.1461,-20.8372,15.9564,1.7305,227.1071,0
98.7751,50.3893,3.483,0.0994,0.051,32.6744,-14.7698,14.8806,8.0132,182.7682,0
23.7915,8.6716,2.5378,0.3725,0.1969,3.1507,0.7364,-12.4507,4.9173,145.0416,0
30.8095,12.0489,2.373,0.5769,0.3624,-39.4346,43.4487,15.4741,13.5444,38.1227,0
63.1921,10.7187,2.7985,0.4167,0.261,-45.049,-18.3859,1.5526,2.451,399.0409,0
47.6694,20.0879,2.7069,0.2749,0.1938,-18.1157,22.1467,-13.7878,28.1873,93.4003,0
42.5056,31.7807,2.9792,0.2161,0.1224,-17.0094,-16.4518,13.818,29.2679,230.5083,1
97.4353,46.8124,3.1497,0.2805,0.1241,-40.2391,-59.6334,7.4302,18.3512,150.1086,1
21.577,12.1794,2.5002,0.4063,0.2152,-21.8122,0.5153,2.2956,31.0442,151.7246,0
32.2035,17.7964,2.3695,0.5837,0.3277,-33.8931,22.4301,7.0851,48.8626,96.4599,0
70.1449,65.6001,3.2656,0.1862,0.1033,40.78,64.5891,15.9692,22.6675,177.6267,1
76.8108,41.7589,2.9344,0.3136,0.1632,-68.3703,-53.384,2.3067,87.3314,180.0782,0
39.6722,11.1646,3.0013,0.2142,0.1161,1.3432,88.2904,-22.1276,34.5229,173.641,0
15.3603,17.5165,2.4983,0.5174,0.2607,-13.9853,18.0334,-17.8373,1.0188,140.2021,0
24.0574,15.04,2.2245,0.5971,0.3648,17.1189,30.488,-11.7898,56.8956,7.6972,0
37.7911,13.3312,2.2404,0.5067,0.2482,-3.8827,66.9354,-14.5463,3.4207,175.1632,0
39.263,11.8541,2.7072,0.5201,0.3464,7.021,99.3932,-19.0057,3.5709,290.3656,0
14.1866,4.7056,2.2063,0.5514,0.2992,42.1727,97.9172,-12.4466,54.3106,84.0912,0
46.2973,19.324,2.6721,0.4442,0.2076,58.9958,78.2356,-14.7487,65.8713,242.122,0
14.0522,2.0795,2.0263,0.8565,0.5961,-58.9174,-41.3597,21.948,71.1739,101.7061,0
59.6287,34.2866,3.2791,0.2667,0.1527,-37.2508,41.6824,21.1316,29.1494,223.576,1
53.6492,15.6312,2.6794,0.4205,0.2206,-102.0492,90.333,24.3454,76.7303,214.6678,0
175.019,51.147,3.1503,0.2085,0.1496,-111.555,6.122,2.2752,1.9437,197.1261,1
32.7095,16.1663,2.6438,0.4497,0.2198,-23.2444,-28.3194,10.0238,43.9894,176.7353,1
19.4638,10.2161,2.2402,0.5368,0.3149,-67.722,-58.1445,30.7376,33.9603,59.5159,1
43.3503,13.5843,3.1659,0.329,0.1927,-27.9247,-2.8213,-10.046,12.3989,107.5683,0
150.9574,38.2299,3.1111,0.1246,0.0722,-22.7552,-58.307,-19.2733,7.2043,223.6538,1
42.4725,25.8513,2.4615,0.5519,0.318,-8.3511,-70.2862,13.4918,5.1655,159.3906,0
85.5767,35.0659,3.7338,0.1312,0.0645,80.9683,71.1488,-13.8049,0.0405,174.2881,0
56.0961,26.716,2.9483,0.178,0.1077,93.1583,61.6051,16.7747,10.7128,209.7638,1
20.4023,11.0088,2.3034,0.5601,0.3225,27.9845,9.8947,-33.3035,89.1211,98.3625,1
42.0407,10.1365,2.4231,0.5978,0.3769,-1.2885,-44.5751,-27.3743,74.6091,161.5961,1
44.1236,24.0376,2.8195,0.3587,0.2038,-67.4551,-44.709,-18.0932,64.5422,218.2255,0
134.2262,25.706,2.9082,0.2775,0.1429,-98.7958,-10.3653,-7.2876,2.854,236.9836,0
18.4479,7.9649,2.3046,0.4803,0.286,29.7696,-5.6796,25.0095,34.6415,125.0962,0
13.7119,21.1772,2.4332,0.4336,0.2267,-67.9822,27.5159,17.4572,2.0018,213.1308,1
50.6941,18.6966,2.6319,0.489,0.2617,66.0913,-3.5733,-6.6745,57.5627,128.1119,1
93.6033,43.9664,3.9202,0.2196,0.1359,-62.24,-22.7075,48.0276,45.6294,322.645,1
49.6246,18.8447,2.5309,0.2651,0.129,-6.1423,-31.7228,-3.1166,29.566,149.4861,1
14.3092,4.6743,2.516,0.4743,0.2895,-33.0285,63.5803,36.7027,3.0908,167.1419,0
44.6918,13.1201,2.7146,0.3311,0.168,-46.8366,-32.8224,5.2096,49.0909,172.5508,0
15.7496,3.8764,2.3763,0.6212,0.3595,46.5117,96.3618,-8.1292,62.3754,155.0034,0
11.4333,5.2587,2.2374,0.7454,0.4747,6.9257,-75.4096,17.9877,26.4608,219.4108,1
72.3519,41.3028,3.6777,0.1164,0.0541,69.694,-15.1482,-1.5159,7.4747,272.0617,1
97.2913,54.4925,3.7159,0.1575,0.083,-128.9031,-47.9767,35.0123,21.0152,298.7157,0
95.6892,22.032,2.975,0.2427,0.1497,-69.2406,-46.2173,-11.0496,42.921,171.1842,1
54.9718,54.281,3.5244,0.2016,0.1142,-101.2203,-93.1205,47.738,44.4011,177.3295,0
24.1003,17.203,2.8211,0.4258,0.2129,-79.343,-61.5964,4.765,80.2179,125.1532,1
19.1243,4.1007,2.367,0.595,0.3532,72.2451,88.0883,-42.4112,48.1342,138.6752,0
27.6925,16.9348,2.8401,0.3186,0.155,-107.4448,-52.3862,-14.7619,58.3343,171.8476,0
20.9148,14.344,2.2888,0.5412,0.3216,-32.5294,-46.0714,-6.6093,29.2939,103.7723,0
49.5386,26.7653,3.0591,0.2841,0.1318,58.3002,-53.9973,-10.4313,14.6968,181.0297,0
29.0959,15.8636,2.2358,0.5549,0.2679,46.6905,46.9447,-29.5536,59.9494,160.7706,0
30.7113,28.0273,3.6856,0.125,0.0628,2.0415,82.6658,42.9413,0.3759,175.2217,0
40.3986,13.8557,2.3756,0.5252,0.2876,-5.569,-127.2369,6.5652,36.0042,65.3575,1
37.4892,21.1553,2.6618,0.5445,0.2792,-10.7114,-10.7348,-9.8992,76.8816,121.4784,1
52.8414,19.2546,2.5883,0.432,0.2364,11.1759,-23.5627,23.212,13.0803,211.1349,1
87.556,33.0655,3.0359,0.3772,0.2118,17.8845,8.2241,25.8113,50.7082,279.9236,1
57.8815,22.7711,3.0889,0.2494,0.1332,64.3191,47.0039,-24.3202,5.5722,293.2209,1
163.7249,27.1331,3.1064,0.1834,0.0997,-102.1547,6.2192,-4.1718,19.2522,270.4878,1
65.1264,28.0161,2.8902,0.1962,0.1063,97.605,24.0114,-23.3044,18.3368,107.3471,0
13.6566,7.4532,2.3392,0.5906,0.3327,14.3492,19.2644,21.7902,43.3397,72.7467,0
16.7848,15.1778,2.7424,0.4702,0.2799,0.4473,96.8977,-21.7109,18.0834,159.0643,0
68.6735,7.9124,2.4019,0.5044,0.2868,-21.9875,29.4882,-17.4868,17.693,184.7737,1
73.7248,33.3019,3.4788,0.1995,0.1004,-65.5407,31.8037,-13.715,67.3007,220.0736,1
36.2828,15.7818,2.9736,0.2791,0.1349,68.1737,93.9373,-34.9835,7.2323,161.7096,0
51.0745,28.3107,3.1612,0.2213,0.1248,10.4151,-53.8855,-1.4183,51.858,296.7398,1
67.4657,37.5422,3.3499,0.3021,0.1702,-6.0274,-49.5585,2.1831,5.1191,269.7669,1
56.0715,8.061,2.3317,0.5624,0.3521,-83.6887,-48.2028,6.4689,10.6144,251.0059,1
64.7799,11.1917,3.1447,0.3886,0.2274,16.9654,46.0115,5.0774,31.8253,211.3231,0
11.1633,4.5976,2.1146,0.8175,0.5065,120.7802,44.2117,-8.2773,63.3582,153.4913,1
82.2036,49.3935,3.2607,0.2065,0.099,-70.8369,-54.0643,10.1678,9.387,344.0194,0
21.3265,11.0172,2.6036,0.3882,0.178,55.0554,48.142,44.3063,66.5868,71.6181,0
57.4876,18.0051,3.2578,0.2127,0.1266,-4.144,-28.9055,-21.142,0.6775,132.6846,0
66.4891,24.3235,2.4422,0.3881,0.2184,46.9434,-94.1804,1.7922,14.962,70.7393,0
88.9554,46.4485,3.494,0.1735,0.1163,-77.5876,-60.4208,12.9935,1.0887,287.2195,1
17.5296,14.0308,2.2261,0.5027,0.3031,1.6577,59.0076,4.7668,16.153,63.6314,1
13.1531,3.4166,2.1646,0.6296,0.4052,-32.7276,18.5177,12.6456,1.9703,187.0385,1
87.2257,14.7722,3.4321,0.1707,0.1071,-7.0516,39.16,5.8615,23.6229,268.0167,0
12.8401,7.4564,2.1453,0.5882,0.3361,-38.101,23.3279,-9.1626,32.6457,132.3946,0
112.0751,29.9504,3.5646,0.1378,0.0679,-49.1799,10.5526,31.9621,20.0929,214.193,1
26.3799,8.8568,2.5174,0.3674,0.197,131.0163,29.5974,23.2949,8.4634,188.374,0
23.1305,8.3723,2.4028,0.6488,0.3604,-74.8482,-4.1084,-1.1657,31.3371,300.202,1
61.9392,6.381,2.6217,0.3052,0.1602,45.5453,-9.5795,-9.9172,11.9761,126.6999,0
38.213,25.5256,3.2323,0.1829,0.133,124.7303,40.6647,-3.023,10.2593,88.4489,0
30.4359,13.5908,2.6892,0.4345,0.3029,28.116,48.0974,-29.7356,39.618,187.7238,0
15.1453,5.37,2.9649,0.4313,0.2575,-5.0021,119.1067,-17.4516,18.7219,168.3267,0
46.3446,10.2828,2.6636,0.2794,0.1345,56.2828,13.2944,-9.9218,4.1136,126.4462,0
40.7614,13.6508,2.2956,0.5705,0.3093,-14.3901,-58.3018,26.6545,89.8113,246.0034,1
42.7563,8.5005,2.6737,0.3401,0.1749,-84.5662,46.5888,13.0284,0.0582,302.2116,0
50.9933,45.5082,3.1933,0.2914,0.1562,85.6792,-30.0415,-22.9109,65.2698,238.3529,1
15.8393,7.5322,2.2744,0.6153,0.373,49.1374,1.2831,-20.262,1.3621,203.6154,0
44.7553,20.1614,2.3364,0.5982,0.3197,-3.5488,28.6292,24.5515,58.2547,212.897,0
19.3127,7.6399,2.6567,0.3684,0.2191,19.4183,-9.3978,7.6792,14.7356,211.5065,0
44.579,33.3749,3.2302,0.191,0.0998,-27.2574,38.3064,-21.8684,75.9331,135.3714,0
11.0869,5.14,2.2234,0.6999,0.4731,-83.8144,8.9462,-21.8738,18.5398,143.7383,0
62.2823,23.0361,2.9443,0.2043,0.1136,43.2935,-18.0325,58.9522,28.4798,176.7812,0
43.1542,26.3629,2.9913,0.1639,0.0792,4.3506,18.7391,-24.5909,36.4467,223.5775,0
14.1107,9.646,2.3265,0.6494,0.3852,-83.0315,39.0303,-2.0162,20.2775,170.3898,1
43.7689,16.7203,2.7517,0.2798,0.1222,25.5426,112.4161,-28.5606,9.8476,122.1013,0
68.1528,39.1591,3.4361,0.1895,0.1136,3.2015,43.7115,7.2873,36.4894,155.8229,1
48.6365,27.8277,3.3644,0.2027,0.1204,-41.8423,-14.174,-2.1609,0.4106,329.51,0
64.1266,17.1438,2.6662,0.3663,0.171,-53.0543,-15.9413,0.3294,10.3733,211.1391,0
28.9425,18.4673,2.8718,0.2481,0.126,-11.8191,29.6529,1.633,47.8992,171.2919,0
39.0551,20.9064,2.7583,0.3595,0.1635,31.1347,-3.4016,-27.1074,0.4178,157.5721,0
51.1004,32.882,2.8184,0.3827,0.2079,-44.0057,-6.9171,49.7393,87.4613,138.6249,1
78.5886,19.4307,3.005,0.2943,0.2116,14.4546,8.1365,18.2598,3.7669,121.4729,0
119.3167,63.2902,3.6901,0.0692,0.0366,-7.0511,-32.2736,17.4169,4.0802,338.8224,0
78.3636,23.2484,3.0711,0.3788,0.2316,-118.3144,-48.2143,-12.561,65.3245,282.959,1
41.1649,31.5918,3.1671,0.1534,0.0721,-85.0214,13.9482,-10.3988,22.4538,74.95,0
31.1529,14.5978,2.3004,0.5796,0.3462,-53.3316,-13.192,4.7246,60.9293,144.284,1
157.745,61.3836,4.1757,0.1554,0.0611,11.4109,-25.1549,-3.6471,3.4742,399.0409,1
12.4675,3.274,2.0632,0.8009,0.4601,59.6802,1.1241,49.8004,61.0967,91.5381,1
14.4976,4.496,2.0614,0.7125,0.3851,31.209,-14.4103,-58.4113,15.8922,76.6334,0
88.7452,43.1562,3.4391,0.127,0.0649,-21.7884,3.917,15.0398,0.1622,245.1721,0
18.2219,2.1879,2.1607,0.7133,0.4184,9.0135,-4.8405,9.6264,15.7295,127.7233,0
101.7427,23.8964,2.6723,0.386,0.2372,-96.8262,-12.7735,-41.4778,25.9062,267.0644,1
15.2765,9.6935,2.2323,0.6836,0.4044,41.3048,-137.6525,9.5964,81.1961,202.0926,1
26.873,14.4588,2.526,0.4517,0.2486,-67.4364,-4.4714,67.499,23.946,209.6356,1
70.729,25.6041,3.0346,0.2548,0.1284,-15.5455,54.9255,5.7505,0.3158,262.4751,0
12.5408,5.424,2.2206,0.6654,0.3776,-2.7419,-13.7798,-7.415,78.754,59.2165,1
32.6471,16.0573,2.7998,0.466,0.2443,-150.961,65.5766,-5.0179,4.5981,270.2255,0
34.024,13.7126,2.6617,0.3635,0.1571,119.4368,-4.9544,-30.604,28.457,220.1872,1
22.511,7.1442,2.5763,0.5479,0.3275,52.8642,88.5313,-23.2562,42.2246,267.533,1
51.9092,19.6513,2.6179,0.4652,0.2764,-39.4285,-38.1336,-2.1624,10.2947,209.1719,0
40.7558,8.3808,2.5745,0.4832,0.2634,61.6552,-5.7396,-46.1071,71.8206,88.1572,1
18.8469,2.7994,2.1824,0.6975,0.3992,59.3101,14.4566,-28.0718,40.5932,128.4322,0
68.6481,51.7409,4.2023,0.067,0.0373,-22.4952,20.1982,4.7336,38.0649,234.0445,0
90.9682,44.8489,3.0932,0.1789,0.0902,-60.4592,-8.3403,-4.8885,30.8875,237.0908,1
12.9968,2.9495,2.3405,0.8034,0.5272,92.1027,-29.2334,27.5082,10.6615,204.3416,0
73.9986,21.2043,2.724,0.2255,0.1105,71.0906,89.5054,1.0918,84.5158,69.441,0
54.7841,27.094,2.8638,0.1991,0.1271,-115.5674,49.3354,-33.1121,20.8535,214.8574,1
46.8099,21.9861,2.264,0.5524,0.2815,-4.9453,-73.4039,11.8386,87.8158,60.448,1
75.427,18.2722,3.1777,0.3697,0.1907,18.3059,-37.6714,21.2097,21.1373,243.6699,0
71.1134,32.7186,3.2742,0.1987,0.1106,35.9372,110.5798,-36.1202,1.8042,120.705,1
15.1761,14.1424,2.5626,0.3475,0.1731,-10.5068,61.9452,38.1659,33.1264,160.4014,0
49.7863,46.08,3.1235,0.1436,0.0658,123.0229,53.4387,-9.4462,2.2748,148.1529,0
22.3028,27.0692,2.5821,0.5322,0.3267,-74.0079,-104.7463,22.2777,76.2335,164.3178,1
54.5375,13.7078,2.4685,0.3987,0.187,16.7806,14.2765,-15.3774,59.2568,149.0415,1
29.9443,11.9381,2.6047,0.458,0.2465,-55.6489,55.127,-15.9724,49.8498,77.1833,1
28.6668,20.5742,2.8027,0.4155,0.2476,48.175,-13.9628,15.1505,29.3713,169.5783,0
27.563,16.6589,2.4901,0.4138,0.2507,22.4836,144.3546,17.5744,0.4497,255.202,0
30.1789,31.5045,2.4519,0.5448,0.2874,-72.121,-79.6079,47.1569,17.0309,129.6293,0
38.7804,21.8034,3.2887,0.2468,0.1591,-53.6991,7.775,-18.2864,9.4308,224.6059,0
66.7393,33.1273,3.6572,0.1651,0.0877,22.2364,49.1921,46.5786,37.2463,204.7,0
21.8271,13.9206,2.5094,0.4703,0.2724,55.0948,91.462,-25.7889,6.0577,345.0911,0
51.6003,14.5608,2.6713,0.3783,0.2044,-5.8564,7.6858,-21.7124,41.8491,154.7467,0
40.1155,26.7046,3.0562,0.3155,0.1431,-65.5339,-73.6571,21.0008,69.4574,274.5954,0
77.1478,21.7054,3.5387,0.1928,0.1194,-52.3296,46.8297,2.3306,11.0574,262.2703,1
36.1728,20.8255,2.6617,0.3708,0.1957,-32.9271,15.0775,3.7389,16.4865,276.4201,1
120.0598,39.9039,3.277,0.1778,0.0853,-13.5828,35.4933,-29.9265,49.5694,177.9765,1
11.5245,2.5273,2.2113,0.8137,0.4916,77.3112,13.5797,-14.1699,76.7773,152.0945,0
69.6755,31.8667,2.9224,0.2727,0.1144,-2.4503,27.6212,7.2338,11.5015,357.4503,0
82.3319,25.7158,3.1091,0.1227,0.0904,-45.1793,-43.115,-3.1991,9.8014,109.8841,0
40.4655,11.6494,2.9309,0.3884,0.2567,13.6245,69.0259,-9.2254,2.7838,291.5782,0
54.3742,33.7393,2.7061,0.3168,0.1587,-45.9701,-28.6078,-10.558,45.3467,133.581,0
32.1615,19.5499,2.5593,0.4998,0.3087,41.5415,-5.051,-11.4895,3.2551,243.4058,0
42.3153,18.998,2.7682,0.2765,0.1664,25.6634,68.385,-13.2983,18.486,86.5672,0
33.1953,28.4249,2.7493,0.3109,0.1459,-51.6844,26.2199,-26.5341,31.8235,103.676,0
67.0326,29.9366,3.2287,0.3336,0.2108,-81.7403,106.4029,-23.6277,0.1402,197.2584,0
15.262,20.0349,2.3194,0.5847,0.286,5.7977,-46.5178,-0.1422,65.8551,156.8934,0
161.3112,42.0603,3.3903,0.1689,0.1202,-54.8111,-87.1823,8.4312,41.7102,228.0874,1
168.6859,66.7656,4.5312,0.0552,0.0312,-54.1836,-4.1766,-2.6742,3.3687,316.5536,0
19.2484,7.9851,2.4537,0.5669,0.3399,81.9264,90.6703,10.7262,23.4623,185.9776,1
27.0398,19.1091,2.3865,0.4535,0.2433,-74.2152,-34.8772,-21.1099,81.4246,192.0409,0
25.1956,21.7008,2.7125,0.356,0.1877,3.4704,-16.7742,16.2496,9.5928,149.5335,0
45.6381,13.8917,2.7179,0.228,0.1047,17.2418,7.1308,4.8469,68.9213,82.5563,0
166.068,69.8478,4.0797,0.0924,0.0471,-81.5496,6.0802,13.2955,24.3303,189.4939,0
103.0408,32.2155,3.6304,0.0988,0.0449,59.5905,29.1883,1.267,2.9846,329.9906,0
18.7458,21.9227,2.537,0.3725,0.1971,33.3551,33.8737,6.3389,4.8994,107.4742,1
89.0925,21.219,2.8228,0.3611,0.1713,-23.1496,39.2783,11.0508,76.0683,209.5281,1
45.3715,21.7361,2.5902,0.3818,0.2178,42.956,-25.2566,-2.6555,28.8548,125.5972,0
115.4927,47.672,3.6432,0.201,0.116,-60.9198,-71.887,7.5283,39.0068,139.932,0
30.7654,19.6929,2.9894,0.2506,0.128,32.2669,23.7604,-22.9213,21.9202,166.0768,0
119.6863,28.9537,3.0498,0.2888,0.1853,-86.3799,-42.0615,-16.9321,31.2453,288.4879,1
41.9113,25.9676,2.7192,0.3284,0.168,-44.8967,-8.8415,28.3788,57.5469,224.7419,1
74.898,15.4001,2.9081,0.2751,0.1436,66.624,88.4814,-4.4746,4.9754,198.411,0
83.105,51.2069,3.7053,0.1858,0.0917,-56.024,-58.3018,11.6428,7.8766,279.3642,1
60.5766,22.9507,3.2214,0.3496,0.1761,113.5287,121.3553,-24.9116,37.6182,162.3216,1
79.004,23.6858,2.7923,0.2816,0.1576,102.3651,28.4786,-13.1871,80.8934,129.8786,0
81.8499,26.6401,3.4575,0.2293,0.1222,-21.3887,-4.7682,8.5879,36.5661,298.1969,1
36.5273,6.0813,2.6084,0.5519,0.3321,17.617,40.5471,-26.5566,55.3146,158.9555,0
45.569,12.8822,2.4645,0.4535,0.2271,-1.5519,-34.1758,17.7997,86.8886,101.2953,0
34.3992,23.5077,3.0353,0.2417,0.1809,19.4697,-3.5166,44.5609,18.5102,6.6852,0
56.8985,24.6069,2.6644,0.3714,0.2129,11.76,5.0597,-4.2142,73.4017,173.6865,1
31.8716,38.0052,2.7492,0.3412,0.179,14.6335,-25.9858,33.5607,57.2805,80.4693,1
32.7085,26.2609,2.7298,0.3986,0.2215,91.2742,-12.5673,-4.1618,58.0907,151.2477,0
27.5033,23.1408,2.6091,0.2078,0.0902,-57.4935,0.1933,19.4282,0.1998,106.8222,0
75.8644,12.8255,2.2899,0.5438,0.3089,0.7001,-97.4804,-5.9907,11.3171,158.2704,1
22.1126,15.1117,2.6934,0.3788,0.2099,-8.4888,29.8697,-7.5463,77.027,151.0894,1
74.4129,26.5916,3.0794,0.2054,0.0943,-42.4222,25.2668,6.5438,3.6482,296.1966,0
13.4589,7.6751,2.2047,0.6982,0.3858,-72.8339,-26.517,-14.2222,9.9722,187.4574,1
28.6091,33.896,2.9235,0.4522,0.2467,12.4218,-142.6769,0.2796,53.9367,133.4158,1
25.8118,16.6927,2.5766,0.472,0.2835,28.6435,23.2777,-11.8084,28.3409,82.2096,1
53.5494,18.7825,2.8312,0.4417,0.2484,7.7734,-23.4526,41.2992,85.8086,124.9411,1
152.1943,50.9793,4.0144,0.077,0.0418,-41.1356,5.6436,53.418,10.8168,347.8927,1
20.864,13.3784,2.5308,0.3858,0.2233,-12.3985,-15.2956,12.7792,84.9205,115.0891,0
154.1806,59.9454,3.6485,0.2074,0.136,-222.3368,-108.2174,42.3774,70.5628,297.7429,1
18.4927,16.8935,2.4425,0.5414,0.2787,47.2122,-2.804,28.4115,3.7416,221.5426,0
77.9262,23.8367,3.2304,0.3223,0.1871,48.0322,28.116,-0.4682,32.6884,333.2892,1
119.283,32.9006,3.7024,0.1471,0.0926,29.7314,106.0071,17.3954,26.3567,252.8098,0
61.2762,37.5666,3.0895,0.2199,0.1404,-103.7144,-28.9584,46.9539,43.6382,331.871,1
87.211,33.8073,3.3882,0.1322,0.0521,-32.413,-83.3386,-35.7171,33.2181,246.7324,1
55.3498,21.0671,2.5845,0.3836,0.2341,-24.1878,23.4162,-2.8609,51.4402,133.4094,0
94.0005,17.3656,3.0814,0.227,0.107,15.3198,27.6303,-17.6503,2.2315,258.7102,0
31.9515,22.3922,2.6427,0.5385,0.3423,30.9762,35.7428,-27.5216,21.0803,215.6753,0
176.2584,39.4275,3.9743,0.0502,0.0322,-39.0224,84.8074,10.1525,2.8477,278.0747,0
21.1509,10.1731,2.1382,0.7697,0.4254,53.7742,-152.449,34.2168,82.9152,79.9309,1
65.3266,27.2749,3.2732,0.1967,0.1026,20.4613,83.7051,-7.9632,0.6373,259.4615,0
32.6421,21.475,3.1277,0.2995,0.1666,-27.5404,-50.8437,-20.9831,0.1648,193.4424,1
23.9376,8.4951,2.454,0.3603,0.1607,51.9801,70.7034,-15.2824,1.8451,103.9818,0
132.1439,45.6439,3.2198,0.1888,0.1062,-77.2223,-35.7446,28.9626,2.5385,74.4063,0
26.2658,28.4417,2.7849,0.3842,0.223,-22.5329,-74.8895,-29.3106,59.8197,111.6623,1
31.243,16.667,2.5698,0.4933,0.2403,-39.0901,-87.5908,-5.5255,80.8038,71.6744,1
85.8286,37.4593,3.0732,0.1775,0.1058,-37.7983,-74.9518,-2.1284,0.8874,229.7653,0
98.1414,19.4456,3.1353,0.2561,0.1371,46.8997,68.227,-0.749,21.6239,334.7461,0
95.1106,36.1816,3.6292,0.2183,0.123,12.9208,-13.2054,-4.6168,9.3781,193.548,0
10.8201,6.5945,2.1448,0.826,0.514,-22.9142,-10.59,30.6675,37.7943,116.6096,0
39.5153,17.3788,3.0016,0.2501,0.1428,2.3881,29.6194,22.4316,79.1563,257.5719,1
40.3327,14.4163,3.2625,0.2157,0.1223,10.6248,103.8676,-8.788,0.1302,227.0979,0
155.1649,39.5521,3.1845,0.2471,0.1032,-18.761,-41.8194,-62.8268,47.9604,185.3656,1
85.9111,54.5151,2.8864,0.1626,0.0791,-30.8817,-61.8046,4.5213,46.9512,168.4972,0
103.181,55.3781,3.3521,0.2679,0.1133,-90.2736,-72.1045,-15.5888,78.8123,101.8153,1
45.1936,12.2214,2.6898,0.4039,0.2036,7.2238,-30.5803,-24.0691,55.523,115.8706,1
52.5944,25.353,2.9702,0.2342,0.1525,59.8654,16.3507,6.3282,1.4858,178.6268,0
98.7155,26.6822,3.5246,0.1591,0.0853,5.073,42.2339,19.9021,46.0141,236.3421,1
19.5819,11.3236,2.6322,0.4051,0.2782,-46.5718,5.4813,5.9431,13.9682,66.601,0
38.1234,15.3439,2.6889,0.5148,0.3154,-8.5647,24.1724,-12.5386,2.4609,275.1988,0
50.0218,18.8558,2.6055,0.4391,0.206,18.7315,-46.5671,39.1136,6.6614,204.813,0
48.0894,24.6581,2.5757,0.4879,0.2559,-0.2034,1.2271,29.5435,55.78,143.2392,1
45.9477,25.4235,3.0693,0.283,0.1541,-86.4156,-14.098,10.5741,11.561,180.5807,0
141.1708,46.5417,3.5233,0.1479,0.0692,-84.3916,23.1703,14.5355,22.1783,312.5261,1
33.688,22.1358,2.9372,0.3637,0.2022,-25.1878,13.2526,-1.4837,1.1298,254.83,0
15.1828,9.4152,2.302,0.6661,0.3893,42.0137,110.9757,-0.4107,0.6227,159.587,0
81.6101,32.576,2.8453,0.2584,0.1144,77.1917,-36.9756,-2.5444,57.4642,127.6052,1
37.6954,11.7447,2.4008,0.5812,0.3535,25.9918,43.3836,-15.2905,76.6368,174.3256,0
60.1865,28.477,2.7495,0.3039,0.1528,25.8938,28.3881,21.3718,37.8751,147.5534,0
145.812,61.8662,4.3799,0.1277,0.0835,-123.5883,38.2393,-12.2132,1.2089,300.7598,1
37.7044,14.4828,2.5049,0.3153,0.1784,2.764,-0.1168,7.4905,45.069,217.386,1
16.0957,8.7647,2.6086,0.5191,0.2669,52.8837,-16.2198,-11.6914,50.186,141.7916,0
197.5407,42.8687,4.0153,0.0809,0.0502,35.8527,-20.6678,39.4123,1.8334,315.1459,1
18.9827,12.8776,2.6054,0.4259,0.2689,-1.8426,31.28,62.208,88.8987,182.3577,1
48.3013,38.5088,3.1267,0.2494,0.1218,8.2826,0.7871,-7.1206,38.9107,169.9274,1
24.0332,6.0995,2.3952,0.4285,0.2636,7.117,81.1334,32.6556,0.6318,141.9658,0
67.3897,33.7452,3.0864,0.1788,0.1208,17.5664,55.8309,-0.0877,12.8718,216.6015,0
35.1314,13.8573,3.3097,0.3187,0.1698,-7.6694,100.8601,19.1247,20.4569,220.707,0
55.1326,38.1115,3.2804,0.1843,0.101,-15.4959,-46.5329,-38.3658,11.7152,167.5838,0
181.922,56.3001,4.0029,0.0663,0.0404,-111.2406,-19.5845,-0.4008,4.1566,301.5478,1
54.0139,37.263,3.1078,0.1979,0.0913,-1.5025,-1.8128,15.3045,31.5303,104.9818,0
38.1168,16.9273,3.1718,0.3501,0.2061,4.421,-19.5871,-31.1011,52.1159,176.4577,1
68.9577,28.0369,2.9575,0.1567,0.1038,-16.1694,8.5693,-5.1374,7.7194,172.6826,0
17.3137,14.847,2.4797,0.5443,0.3395,27.1363,86.7857,-14.0953,13.8509,141.0297,1
119.5542,42.8755,3.4006,0.1242,0.0968,2.1136,-54.0888,-14.3646,2.0283,288.7321,0
30.5265,13.5358,3.1969,0.4226,0.2796,69.0982,118.7132,-7.1139,2.3622,169.3778,0
50.7741,24.2379,2.9657,0.308,0.1658,-40.9444,-13.8181,2.6414,3.5309,173.895,0
80.6654,28.39,2.7925,0.4206,0.2355,32.6751,1.3093,9.9757,50.9532,244.0297,0
54.6424,18.5346,2.6078,0.3957,0.2099,68.6826,37.9299,34.2745,28.4549,222.5709,0
24.184,9.312,2.4763,0.5873,0.3046,49.9739,19.311,18.8587,16.1906,223.4748,0
34.5344,9.5567,2.3492,0.4728,0.3272,32.8957,-2.1737,-7.5262,63.4396,187.0912,0
121.8682,65.8478,4.0209,0.0836,0.0593,-119.4274,5.3716,6.6253,71.302,362.1141,0
105.8235,49.8801,3.841,0.0857,0.0481,16.8607,52.6104,3.0277,39.0306,152.2146,0
14.9229,1.526,2.441,0.65,0.37,87.8409,171.9777,-16.9227,0.0401,171.2753,0
40.8191,14.5135,2.5906,0.3994,0.1997,-62.7346,-74.0704,1.0859,40.0301,239.7922,1
19.8533,16.0022,2.3494,0.5848,0.3,43.4981,22.2463,11.6886,40.5521,10.6719,0
20.5175,11.8184,2.2413,0.6361,0.3454,56.37,-113.8159,20.9184,68.5639,79.3229,0
16.2483,8.6891,2.4863,0.6187,0.3372,17.4644,27.1214,-1.9458,34.6012,168.7325,0
17.6444,6.7336,2.3527,0.6,0.3673,-6.1558,26.2551,-8.961,16.6201,147.7505,0
192.8896,48.7534,3.976,0.1498,0.0855,-36.4081,7.6297,0.8302,0.9358,291.3406,1
17.2853,11.706,2.2814,0.6159,0.2788,45.2454,-20.8911,22.4251,38.6307,128.993,0
41.4651,20.0883,3.3889,0.234,0.128,15.1377,80.5788,-1.5074,66.8668,204.7475,1
54.5242,29.0808,3.0801,0.3156,0.1869,-54.9595,5.1039,-22.9373,7.0383,310.5496,0
43.864,20.5844,2.6501,0.3825,0.2121,8.7943,-54.5874,19.4675,0.7252,146.0776,0
30.754,13.5357,2.3226,0.6319,0.3608,-40.7043,-36.2811,-18.0973,79.1985,243.3394,0
53.7771,27.2081,2.6984,0.2392,0.1508,24.8531,65.8051,-30.3896,1.8751,197.0414,0
63.0805,26.2747,2.8521,0.3765,0.2048,-51.7,-59.3251,7.2874,14.6074,245.624,0
42.9336,8.6982,2.5284,0.3496,0.2044,-13.5839,99.4636,1.7006,2.7181,137.0774,1
24.7531,15.0276,2.5734,0.4152,0.2465,7.1618,48.6696,12.7999,22.6192,144.549,0
23.9773,2.7213,2.1955,0.6703,0.3956,-33.9776,45.5141,-2.2471,67.3382,219.6104,0
30.9579,13.0803,2.5196,0.4459,0.2659,-33.408,-32.3178,-35.0427,54.0187,47.9639,1
33.9987,10.8696,2.2459,0.6475,0.3765,12.3911,-121.6446,53.7076,78.7636,197.9731,0
141.136,54.0004,3.7131,0.0994,0.044,-30.9295,-21.4949,-9.1189,29.0021,279.7338,1
88.6539,33.1924,3.135,0.2363,0.113,-8.0417,-13.99,-26.0443,2.7353,273.7386,0
32.1449,6.5614,2.6644,0.4578,0.2901,15.6903,83.2158,-21.1986,17.6026,246.3587,0
77.9885,28.8839,3.2014,0.2027,0.1173,-110.6952,-75.508,17.949,28.0133,294.1817,0
28.2853,9.4183,2.3932,0.5808,0.3677,0.5445,-39.9006,-27.449,7.5302,227.1001,0
58.3895,22.9072,3.3282,0.1275,0.0694,38.7175,36.5497,-18.9413,5.8786,293.169,0
65.5116,46.051,2.8006,0.2276,0.1334,-7.8293,-151.187,48.7179,30.5794,290.0706,0
19.2707,2.3948,2.2921,0.4803,0.2791,24.779,65.4934,-17.9715,52.5553,81.2854,0
14.2796,6.5109,2.1767,0.7958,0.5315,-19.326,21.8029,24.0884,50.3253,120.0339,0
33.6256,8.4684,2.4448,0.5861,0.3277,-52.9301,-27.5968,-8.7803,4.9911,128.8264,0
30.2527,23.4057,2.8783,0.3784,0.2091,22.5047,100.3481,-8.7808,0.4013,141.8255,0
57.9349,31.986,2.8309,0.2425,0.1365,-68.0158,-64.4105,18.2126,15.5189,134.4006,0
85.1984,27.9722,2.662,0.4305,0.2627,58.0179,3.5116,24.5599,11.727,296.8833,0
48.1397,17.857,2.9076,0.4266,0.2251,-17.3828,8.6553,5.0468,0.4904,260.7405,0
43.5906,16.6074,2.4792,0.5804,0.321,21.063,56.3875,-8.0596,14.0859,368.1119,0
29.991,7.4748,2.3122,0.5988,0.377,25.722,16.6628,-4.5905,14.0795,190.62,0
93.8897,48.4612,4.0575,0.0922,0.0723,-62.128,33.4762,-23.6957,1.4567,281.6504,0
154.754,23.076,3.626,0.1155,0.0588,-27.3921,70.8428,-9.5142,2.4113,288.4531,1
13.8483,4.6009,2.1712,0.7733,0.4681,108.5354,82.8067,-52.8081,40.5475,71.2611,0
118.2313,47.8139,3.0455,0.2724,0.1551,56.6909,62.9238,-12.6974,49.1059,328.0135,1
17.6238,8.6705,2.2521,0.5457,0.3267,6.4914,52.6568,9.2469,58.7473,140.2616,0
26.9584,17.0904,2.3097,0.6016,0.3856,60.8559,-42.64,36.7575,19.7499,224.8826,0
82.9484,55.6378,3.9529,0.1116,0.0506,-16.1247,-16.9954,2.7652,4.7534,325.5789,0
86.3181,39.4174,3.0878,0.2059,0.0965,8.1379,122.507,-24.5679,0.5993,113.0885,0
15.4543,10.7898,2.6078,0.4975,0.2559,38.1317,-15.173,2.7667,6.4919,114.0278,1
15.0236,2.4835,2.1359,0.762,0.4156,149.7252,9.0869,1.6934,61.2813,164.0121,1
11.2884,5.3326,2.1461,0.7113,0.4118,27.4266,106.6743,-22.3756,0.3163,52.0302,0
40.1683,12.704,2.5558,0.4789,0.2027,-38.3939,7.6138,46.4541,3.0173,133.4274,0
44.4723,23.5131,2.8013,0.3251,0.1804,115.6874,48.2345,-10.0097,24.5663,235.6439,0
72.244,51.4893,3.2582,0.1946,0.1065,-57.3147,-92.6372,20.6837,35.3878,254.1542,1
47.4484,28.2617,2.8726,0.2671,0.1269,-2.7609,-12.339,-15.2672,54.121,254.7142,1
36.2061,8.704,2.6488,0.3611,0.2086,117.4684,13.1772,-17.5686,42.5035,75.2941,0
72.2108,51.8359,2.947,0.2318,0.1237,12.8034,-63.3304,7.4277,32.4761,95.6895,0
83.4566,16.1461,3.0181,0.3074,0.1548,-42.6896,-47.5687,0.0199,7.6126,247.0571,0
13.0595,10.0833,2.3764,0.559,0.3491,75.3009,-67.399,27.8842,46.7621,76.8213,1
55.1283,44.6096,2.8484,0.2214,0.1245,-4.0024,78.1112,71.2299,29.9017,192.5297,0
45.3221,20.3337,2.553,0.4775,0.2431,-4.7336,30.672,20.2858,18.5373,325.4899,0
38.355,18.3744,2.6598,0.3453,0.1624,54.463,26.6883,4.3502,70.0841,167.1133,0
19.744,5.2172,2.2138,0.6863,0.3569,91.2776,32.5161,20.7575,42.5078,87.9282,1
51.4193,23.5197,2.6783,0.3148,0.1746,33.2552,9.7104,8.9563,30.7823,210.741,1
47.5259,20.6563,2.5299,0.4738,0.2622,-8.2472,29.0641,11.4549,44.7331,74.2293,1
144.9101,43.9674,3.265,0.1825,0.0995,31.1943,-26.3471,22.8242,59.6484,262.314,1
66.8958,28.7597,3.0132,0.3956,0.1859,-17.1041,17.7698,-21.7569,9.589,361.303,0
25.8169,11.079,2.5395,0.5047,0.3163,22.5223,-58.2885,-21.9849,4.0973,274.6301,0
79.6361,22.4855,3.6466,0.2543,0.1407,-9.5663,54.0577,-21.3041,5.9481,283.6556,0
27.0632,8.539,2.5741,0.3687,0.1505,130.634,66.2044,-15.0412,12.2358,135.0475,0
28.48,6.2841,2.3446,0.4952,0.2556,122.4205,45.7548,-30.1822,18.1493,218.5391,0
71.4372,26.5144,2.9391,0.2814,0.1741,47.6529,35.1567,48.624,21.4763,351.02,0
26.1072,17.6643,2.3288,0.6483,0.4052,-7.4801,-0.355,4.6013,19.3194,117.9206,0
17.9584,6.4304,2.2594,0.6682,0.4137,48.3384,15.7454,23.2214,37.419,67.7246,0
67.3275,10.5604,2.8625,0.3975,0.2336,52.3497,23.5712,-16.2379,26.5948,89.8429,1
15.7987,9.0333,2.6343,0.4413,0.2514,-30.4025,94.4668,-23.1019,1.2224,190.5026,0
91.8329,27.9804,2.7511,0.5169,0.295,-133.6033,-67.5066,-20.1998,30.8412,285.809,0
95.7106,24.9037,3.6571,0.1676,0.0971,19.1927,-20.8673,11.6556,2.1483,274.1634,1
19.3754,18.599,2.6372,0.4935,0.2713,-41.838,97.2197,1.1232,7.3105,306.885,0
56.7998,38.3854,3.2842,0.2259,0.1238,-3.5116,-42.8518,21.3136,43.3586,180.2547,0
30.7536,27.2,3.0058,0.2395,0.1437,9.9608,26.2299,43.4201,0.0847,193.5926,1
19.3337,8.277,2.3588,0.6509,0.4342,-19.951,74.9956,30.778,29.5906,171.0475,0
13.4172,12.009,2.4305,0.5023,0.2331,106.7405,3.9986,-2.3031,39.3633,69.4139,0
16.1429,5.5943,2.1698,0.5558,0.3153,32.2278,47.1331,30.2176,76.1464,103.6093,0
49.0556,5.7172,2.6218,0.3712,0.2526,-72.3336,35.8308,0.3583,7.9176,179.6519,0
21.7495,4.5218,2.4913,0.4948,0.2896,57.7501,54.9526,-25.7352,3.655,21.2981,1
18.5052,2.9607,2.3339,0.5281,0.2889,32.7891,66.1112,-30.3119,37.453,63.4794,0
142.4784,18.1096,3.3469,0.1964,0.1127,35.9769,147.6095,2.6224,0.0566,370.8034,0
26.6552,15.299,2.4466,0.5341,0.2385,83.8227,42.2981,28.58,7.326,175.6212,0
38.1756,14.7729,2.907,0.3498,0.1591,107.7088,112.4131,9.9601,6.4156,118.9846,0
79.284,61.164,3.2939,0.1559,0.0998,44.2725,31.6878,13.3047,22.2397,147.4835,0
63.7401,24.6186,3.2777,0.3297,0.1852,23.4288,63.2328,-31.4681,36.6683,114.2772,1
21.1654,17.5505,2.4718,0.4399,0.2919,33.7961,-10.9078,-1.9903,21.6773,144.1559,0
99.6006,60.5435,3.9866,0.0996,0.0516,-11.2577,18.0041,4.1822,3.2249,236.6623,0
78.8066,52.8381,3.8818,0.0955,0.0608,8.7949,46.3267,-5.3187,61.4296,281.8616,1
54.8496,24.9054,2.8938,0.2802,0.1474,-9.3566,51.1932,48.8976,71.8734,212.7001,1
83.3753,36.7332,3.0374,0.3069,0.1662,-17.8697,-94.1123,33.0494,76.6972,194.8055,0
32.0189,13.8873,2.5121,0.4229,0.2232,-57.6097,-2.7533,15.0433,23.5168,146.8076,0
23.4513,18.9031,2.3326,0.5927,0.3212,-78.6276,-23.3668,-6.4443,85.5437,86.4568,1
26.1946,22.2082,3.0136,0.3659,0.1867,10.2538,45.5957,-17.491,15.7497,255.2235,0
44.0952,22.5621,2.7635,0.4308,0.2551,-31.2191,12.1458,-15.2841,39.3895,196.2048,1
29.1301,33.6188,2.8377,0.2902,0.1663,47.5436,-33.2458,-21.3686,38.8883,124.7368,0
71.4846,17.2866,2.9767,0.4899,0.2784,44.5594,9.0084,0.4103,21.7904,399.0409,0
71.2685,17.8186,2.9233,0.4123,0.2058,-35.2063,18.0097,21.1008,11.3464,248.602,0
69.8009,24.2918,3.0849,0.3048,0.129,-21.1091,-75.7666,1.4745,47.8345,137.2074,1
61.643,10.4374,2.671,0.4608,0.267,-16.0415,113.9268,9.8817,0.7823,192.622,0
24.0624,25.5421,2.4842,0.4417,0.274,48.3639,52.3429,-0.3742,59.3244,144.2243,0
37.9586,17.3588,2.8244,0.2263,0.0994,63.5952,56.6046,-18.6476,71.0152,66.2964,1
33.8247,19.3678,2.8912,0.3046,0.1941,-26.7069,53.6706,23.9273,22.7348,144.8852,0
51.621,12.2301,2.9077,0.3279,0.1764,-14.2828,59.1565,-16.3597,15.4444,74.2938,0
29.5163,20.2334,2.8882,0.2879,0.137,-44.8432,-5.4372,-20.4218,2.1411,143.9515,0
58.93,25.3682,3.1213,0.2258,0.148,12.2654,-53.5209,15.6744,45.1819,148.8359,0
75.1524,45.4257,3.7021,0.1317,0.0969,-29.2741,5.4255,33.1953,59.2624,186.5094,0
52.9398,18.4234,2.6891,0.3492,0.1917,21.5012,54.7249,-14.7837,40.5496,108.5119,1
43.4437,26.5228,2.8795,0.2946,0.1592,9.6739,51.6263,-17.575,36.861,136.2485,0
21.108,25.6629,2.6711,0.3583,0.2024,-7.3727,-142.3597,4.8774,2.4809,261.8976,0
128.1667,37.6895,3.7579,0.089,0.0501,34.0464,25.8425,-8.4066,13.3477,301.4491,1
50.5513,23.0034,2.6534,0.4371,0.2336,-93.7059,-93.789,-3.7653,9.8329,241.2672,1
13.5917,2.2406,2.2724,0.5395,0.298,74.1207,82.9299,-8.3254,2.4919,14.8389,0
37.3576,13.9029,2.7745,0.4611,0.2678,-25.3156,20.3683,-0.7156,1.7316,185.3732,0
34.841,15.3328,3.094,0.2235,0.1192,26.258,130.2238,14.4607,35.9078,254.9154,0
75.2901,51.241,3.0697,0.2602,0.1133,-121.0778,-38.7608,-4.9653,31.5397,192.627,0
91.2688,29.4816,3.4792,0.1364,0.0702,-5.0739,-37.1365,34.9878,36.4286,276.0691,1
73.3365,36.152,4.0882,0.0879,0.0699,47.9781,69.3036,-8.836,0.0653,353.2424,0
24.4868,27.2017,2.6494,0.3847,0.1781,-25.3498,15.6904,-17.7951,18.0407,121.9539,1
26.4261,14.9553,2.4324,0.615,0.3887,-19.1464,-30.9525,2.4019,10.3034,287.121,0
47.2745,41.7989,3.8798,0.1351,0.072,-92.2189,-3.5771,-40.2186,6.2552,106.4425,0
107.1382,24.3608,2.9339,0.3012,0.2048,-86.9011,39.2348,-5.4455,10.4483,193.5125,1
32.3095,17.09,2.8544,0.3537,0.2357,-4.048,-61.7427,17.6809,51.8411,170.215,1
29.5794,17.2281,2.9454,0.4656,0.2662,30.9192,-63.6056,19.5653,2.9182,102.7672,0
114.1857,32.1864,3.4586,0.2184,0.1223,1.9062,-5.2263,41.6622,42.8243,205.0272,0
41.9942,12.677,2.7933,0.3311,0.1684,4.8845,20.8983,-6.3359,26.8498,155.7316,1
43.0,22.9894,2.29,0.4597,0.2513,-49.6475,-61.7829,-16.5769,38.8362,85.3988,1
82.6956,25.3281,3.2848,0.1978,0.1148,-12.8992,137.4167,-0.7198,1.7621,266.7875,0
36.4234,21.8125,2.7,0.4877,0.316,105.3429,-57.3189,-9.1762,41.7753,222.9249,0
80.2367,24.8042,3.0382,0.3046,0.1602,3.5837,22.422,28.9756,38.2568,357.0125,0
68.2638,14.8578,2.5386,0.364,0.1665,-86.8394,12.6132,-12.4834,46.0213,213.933,1
46.6361,31.9502,2.8566,0.2571,0.134,-41.8974,-54.6187,-20.874,57.5787,117.0827,0
42.4672,28.5623,2.8786,0.2382,0.1184,9.8979,-102.4191,-29.8834,32.8953,198.5841,0
30.4493,16.6927,2.3274,0.6505,0.3614,-34.2713,-81.6039,6.2393,16.9174,153.457,1
178.4334,38.4218,3.2129,0.2452,0.1314,-25.7687,22.5215,13.6427,20.7202,223.4983,0
207.1203,64.387,3.7418,0.0908,0.0648,43.2818,-19.3966,-5.2228,28.8893,285.2626,1
159.7001,68.7161,2.8916,0.2021,0.1236,-164.1902,-77.696,2.4194,50.3302,315.0076,1
34.0033,23.691,2.7329,0.2853,0.1378,-17.0639,32.638,6.7141,21.0407,159.6791,1
28.1541,15.2005,2.3501,0.4063,0.2515,21.9857,59.8986,-8.5539,24.085,172.0821,0
79.6712,21.5785,3.2987,0.125,0.0541,88.7452,49.2121,-27.2224,11.18,187.7595,1
28.9751,3.0909,2.3413,0.6121,0.3492,62.622,82.4145,-28.784,9.7961,165.3431,0
39.9832,26.2414,2.7485,0.3052,0.1774,50.9655,14.3118,43.7876,22.0205,214.3229,0
29.6337,14.2151,2.6724,0.2905,0.1613,13.4022,77.3833,-5.1324,0.0664,238.8819,0
18.8972,14.1278,2.7823,0.4313,0.2432,25.3528,-11.3782,38.064,9.2444,213.6997,0
46.3483,24.2106,3.1297,0.2984,0.1685,-83.601,18.5532,-18.5898,0.076,308.9229,1
58.5869,45.4686,3.3429,0.1116,0.051,10.0911,92.667,-12.9544,10.3942,211.9627,0
22.7269,17.9023,2.3792,0.5508,0.3254,-39.6476,-13.623,17.1853,22.5893,232.7249,0
19.5716,9.8513,2.1239,0.731,0.4211,-32.3364,-94.8821,12.747,89.8113,200.1617,0
16.4186,16.7521,2.3978,0.5158,0.2562,-25.0975,-16.8951,3.9843,76.4386,69.0782,1
54.793,23.8096,2.812,0.2502,0.189,14.5868,-3.1715,-32.7727,14.4858,96.9319,1
30.4691,6.3241,2.5824,0.5542,0.316,92.6729,128.7492,-2.4154,23.7774,206.9829,0
53.2924,39.3339,3.1289,0.2818,0.1436,-44.4924,48.276,8.2748,59.5138,192.328,1
24.9111,3.9313,2.3021,0.6112,0.3592,29.1798,17.6543,-2.631,60.4953,232.9943,1
113.3342,36.5773,3.9567,0.1465,0.1084,-81.8032,-11.3263,22.8126,0.2189,326.3644,0
13.7202,7.0505,2.3997,0.5948,0.3435,-24.818,45.8272,24.3264,12.1069,157.0613,0
118.0913,68.984,4.1565,0.1219,0.0602,27.0712,-31.5014,0.4326,11.6919,312.6964,0
32.6029,31.7207,2.6945,0.3701,0.1575,-10.5967,-66.1466,8.9463,68.2912,94.429,1
15.7653,5.0989,2.4221,0.395,0.2142,63.8399,100.5311,-10.8445,62.14,116.3424,1
29.4066,11.1205,2.3087,0.6118,0.3442,-84.2918,-73.4613,11.2248,66.3531,97.4151,0
51.037,22.7611,2.9745,0.2445,0.1486,-12.2322,1.8152,5.945,33.9133,124.343,0
142.0321,35.0736,3.5246,0.1461,0.1109,-34.8893,5.8599,26.7414,19.5336,277.7695,1
91.8989,27.8963,3.4269,0.118,0.066,-33.4417,22.5107,-11.1856,30.2531,257.4791,1
56.7936,33.1068,2.7455,0.2913,0.1641,48.023,-26.2756,-8.1768,32.7595,175.7888,1
61.9755,10.4343,2.3683,0.5901,0.3512,-34.7205,-92.1136,3.9971,58.9153,117.1597,1
71.203,26.6569,2.6319,0.3821,0.2166,25.5991,23.8505,11.6841,11.6969,271.7783,0
104.2069,29.5652,3.3817,0.3125,0.1842,-15.3608,27.2953,8.474,15.8423,399.0409,1
44.8462,13.0988,2.8341,0.2201,0.1249,77.2275,135.9597,22.3903,1.0043,94.6942,0
19.2965,11.6028,2.1348,0.5612,0.2943,-51.3384,2.4005,35.9525,9.1918,125.7336,0
44.5886,31.1577,2.8393,0.2914,0.1575,-90.1575,-10.2528,25.497,42.096,176.7627,0
54.6189,31.1101,2.8032,0.19,0.1022,-112.3758,-122.1406,23.1075,52.3375,251.8739,0
57.8399,20.7974,3.2862,0.1437,0.0802,56.1919,76.0411,36.8197,2.8899,235.7571,0
90.2189,62.0047,3.8288,0.1218,0.0795,-46.5311,21.0366,10.6122,30.1331,111.0238,1
122.2765,95.9029,3.4221,0.1146,0.0641,-86.9317,-99.1427,10.079,21.1219,189.9326,1
35.8822,9.7235,3.056,0.2383,0.1342,45.9661,27.6311,-12.6852,21.6426,147.6683,0
41.7388,37.3882,3.4894,0.1521,0.0931,31.6649,29.5193,2.111,0.3101,220.7319,0
52.6352,27.7554,3.2659,0.1542,0.0721,-106.6944,27.6224,26.6773,39.5809,212.4339,0
70.1227,31.7928,2.919,0.2389,0.1288,16.2542,18.2649,-12.9756,2.3528,263.3025,0
133.0453,47.1057,3.6855,0.1332,0.0883,-41.4659,-20.3938,15.6777,0.4397,229.5225,1
17.2483,13.9501,2.4274,0.6006,0.3696,3.1563,24.4836,18.8577,17.6092,268.814,0
110.3263,47.0571,3.0403,0.159,0.0861,-7.6235,32.9692,56.7132,67.9643,265.5216,0
216.3497,83.7294,3.9065,0.0604,0.0409,-28.9727,-8.3519,-10.9104,6.752,211.3766,0
205.958,71.2124,3.6143,0.0812,0.0537,-179.6384,-60.2559,-10.2078,41.9543,237.2922,0
32.2426,35.6093,2.9096,0.2961,0.1757,5.5908,-94.0242,-16.7402,82.0587,150.7335,1
228.3569,40.3936,3.5744,0.1236,0.067,-160.5688,-29.406,12.0831,4.3474,213.4067,0
25.0986,23.3824,2.7346,0.3834,0.1944,23.6268,90.4996,-7.401,54.1624,96.9594,1
26.697,14.1169,2.4223,0.4892,0.3081,74.4698,30.9583,5.0453,35.0328,162.6873,1
15.231,2.9511,2.2759,0.6221,0.3335,117.2502,23.7584,10.3004,36.2635,176.7109,0
24.2474,13.7824,2.5141,0.5037,0.2559,12.4812,45.7368,1.5358,28.0688,151.7547,0
30.3588,12.6567,2.4409,0.5396,0.2624,-56.8601,-37.707,3.3841,86.8761,133.5025,1
180.0422,54.0623,4.4976,0.0698,0.0535,-35.1002,4.3317,21.0636,0.1229,353.3754,0
82.1023,24.6076,3.5478,0.1226,0.054,16.7811,79.874,7.3797,4.0961,259.6478,0
64.9427,47.5357,3.3269,0.2069,0.1145,-31.8738,-41.3215,26.5112,43.4215,330.1093,1
77.8285,20.1901,2.7547,0.2811,0.163,32.8145,85.8303,1.9256,9.4857,288.0308,0
25.1783,22.7746,2.4618,0.5016,0.2521,-54.611,11.0933,25.1374,12.8144,184.1777,0
